CustomerID,CompanyName,AverageLogins,AverageActiveUsers,AverageSessionMinutes
C1237,"Arun Rao Systems",24.50,11.5,234.65
C1345,"Rahul Gupta Group",23.64,11.73,264.61
C1332,"Diya Singh Labs",23.50,9.5,322.55
C1284,"Zoya Das Group",23.00,16,301.8
C1372,"Isha Joshi Group",22.50,11.33,234.9
C1393,"Sneha Bose Technologies",22.33,12.2,259.85
C1234,"Farhan Singh Industries",21.85,12.7,258.7
C1335,"Karthik Rao Systems",21.82,13.24,227.86
C1259,"Priya Reddy Systems",21.67,15.33,281.93
C1188,"Tara Rao Industries",21.61,13.61,268.7
C1006,"Sanjay Reddy Labs",21.50,12.75,194.55
C1114,"Aadhya Das Industries",21.50,13.5,355.95
C1290,"Riya Singh Systems",21.45,13.15,265.62
C1060,"Aarav Reddy Systems",21.39,12.44,243.04
C1168,"Aditya Joshi Solutions",21.20,10.93,263.61
C1292,"Divya Sharma Technologies",21.14,13.43,254.49
C1187,"Pooja Gupta Group",20.90,12.2,297.59
C1376,"Vivaan Khan Systems",20.53,12.84,235.38
C1071,"Arjun Patel Labs",20.50,10.25,242.32
C1128,"Sneha Rao Industries",20.31,11.69,241.39
C1324,"Karthik Reddy Technologies",20.17,12.22,266.83
C1365,"Diya Joshi Industries",20.14,11.57,285.8
C1047,"Rohan Das Technologies",20.00,10.29,233.74
C1201,"Naveen Patel Labs",20.00,9,337.2
C1264,"Aarav Nair Solutions",20.00,9.67,249.17
C1300,"Krishna Sharma Solutions",20.00,12.05,256.12
C1307,"Rahul Reddy Technologies",19.88,12.94,224.73
C1223,"Vihaan Joshi Industries",19.80,12.2,266.94
C1387,"Arun Nair Solutions",19.80,12,221.36
C1002,"Tara Sharma Technologies",19.73,12.18,274.65
C1369,"Meera Reddy Industries",19.50,13.5,193.3
C1407,"Meera Gupta Labs",19.33,12.33,237.63
C1171,"Aditya Khan Industries",19.29,9.64,244.58
C1246,"Aditya Sharma Group",19.27,13.64,240.99
C1344,"Naveen Verma Technologies",19.24,10.59,244.58
C1243,"Aditya Patel Solutions",19.00,11.23,288.23
C1291,"Diya Rao Systems",19.00,16,279.85
C1361,"Meera Khan Systems",19.00,7,222.23
C1178,"Isha Menon Solutions",18.95,10.79,250.79
C1191,"Sai Patel Industries",18.92,10.08,249.34
C1350,"Deepak Gupta Labs",18.89,11,285.04
C1134,"Tara Reddy Industries",18.88,9.67,246.22
C1030,"Rohan Bose Solutions",18.86,11,270.29
C1059,"Myra Verma Labs",18.83,11.83,264.55
C1113,"Riya Iyer Technologies",18.75,14.5,224.58
C1346,"Krishna Sharma Group",18.67,15,216.67
C1057,"Reyansh Joshi Industries",18.57,9.71,219.79
C1347,"Deepak Khan Solutions",18.57,9.57,234.09
C1392,"Ananya Rao Industries",18.57,11.38,229.2
C1051,"Priya Gupta Labs",18.40,10.4,257.26
C1130,"Nikita Iyer Technologies",18.10,10.8,261.88
C1144,"Aditya Sharma Technologies",18.00,10.92,283.11
C1202,"Karthik Iyer Labs",18.00,6,335.6
C1271,"Myra Gupta Industries",18.00,14,424.2
C1198,"Ananya Sharma Labs",17.95,8.52,255.62
C1280,"Aman Patel Systems",17.78,9.33,222.34
C1207,"Sneha Gupta Technologies",17.76,8.86,246.97
C1072,"Rohan Gupta Technologies",17.52,10.05,232.34
C1177,"Isha Gupta Group",17.50,11.14,291.53
C1266,"Arun Nair Systems",17.50,9.78,260.74
C1211,"Krishna Iyer Solutions",17.33,8.33,337.13
C1127,"Divya Gupta Labs",17.30,9.1,241.12
C1109,"Kiara Verma Industries",17.26,9.48,237.06
C1121,"Ishaan Singh Group",17.19,9.19,266.5
C1094,"Isha Nair Solutions",17.14,9.36,248.61
C1416,"Sneha Sharma Systems",17.08,8.62,255.16
C1326,"Naveen Sharma Labs",17.05,9.09,257.08
C1164,"Saanvi Menon Systems",17.00,9.27,249.8
C1340,"Zoya Joshi Technologies",16.70,10.5,254.41
C1138,"Meera Sharma Labs",16.67,8.33,200.43
C1206,"Zoya Gupta Group",16.62,9.48,249.8
C1313,"Krishna Joshi Solutions",16.58,9.26,269.35
C1019,"Deepak Nair Labs",16.56,8.11,274.7
C1100,"Priya Gupta Solutions",16.50,8.33,246.27
C1419,"Diya Nair Industries",16.50,11,186.45
C1270,"Farhan Menon Group",16.29,9.86,253.09
C1181,"Isha Reddy Labs",16.25,8.5,181.45
C1288,"Kiara Das Labs",16.25,9.25,310.48
C1403,"Sai Khan Labs",16.20,11.6,208.64
C1373,"Naveen Patel Group",16.19,9.06,224.72
C1262,"Arun Joshi Group",16.11,9.56,244.8
C1386,"Naveen Singh Technologies",15.96,8.42,270.47
C1354,"Vivaan Reddy Group",15.75,7.71,246.75
C1024,"Vivaan Verma Solutions",15.67,7.33,256.8
C1341,"Isha Singh Group",15.59,8.36,263.82
C1297,"Naveen Sharma Technologies",15.56,8.06,243.3
C1042,"Meera Iyer Industries",15.55,9.15,260.56
C1214,"Sneha Sharma Technologies",15.50,9.5,252.75
C1338,"Aadhya Singh Systems",15.43,8.81,191.63
C1069,"Aadhya Joshi Systems",15.41,8.29,267.58
C1231,"Aditya Patel Group",15.38,8,250.23
C1315,"Arjun Das Solutions",15.33,9,275.48
C1165,"Arjun Das Solutions",15.30,9.3,251.84
C1366,"Kavya Verma Labs",15.29,8.43,307.49
C1096,"Deepak Gupta Labs",15.10,7.5,254.92
C1367,"Kiara Gupta Industries",15.00,9.5,197.2
C1102,"Deepak Iyer Solutions",14.95,8.23,240.35
C1368,"Priya Singh Solutions",14.75,7.75,200.6
C1268,"Deepak Patel Industries",14.59,8.53,294.83
C1204,"Aman Reddy Systems",14.48,8.78,270.22
C1261,"Reyansh Menon Labs",14.25,7.75,86.3
C1382,"Sai Singh Systems",14.25,10.25,206.18
C1145,"Pooja Reddy Solutions",14.23,7.68,277.54
C1371,"Nikita Singh Technologies",14.20,7.6,226.95
C1008,"Nikita Gupta Solutions",14.09,9.45,262.03
C1061,"Isha Gupta Group",14.00,8.32,271.33
C1374,"Ananya Joshi Industries",14.00,6.85,218.56
C1380,"Ishaan Reddy Labs",14.00,8,148.83
C1379,"Pooja Rao Labs",13.91,8.27,251.1
C1111,"Priya Khan Industries",13.86,8.14,293.66
C1137,"Arun Verma Labs",13.75,7.75,170.82
C1249,"Ananya Singh Solutions",13.67,7.05,251.14
C1314,"Isha Joshi Industries",13.67,7.54,263.86
C1085,"Aditya Reddy Group",13.63,7.5,158.64
C1010,"Tara Iyer Labs",13.50,5.5,167.43
C1320,"Vihaan Nair Labs",13.50,7.88,129.66
C1394,"Sai Menon Group",13.45,7.15,228.27
C1233,"Deepak Patel Labs",13.40,6.6,267.24
C1108,"Saanvi Joshi Systems",13.29,8.12,248.1
C1217,"Sai Iyer Industries",13.25,7.92,181.58
C1222,"Aarav Verma Labs",13.25,8.75,253.32
C1021,"Vivaan Singh Systems",13.20,7.4,246.52
C1126,"Sneha Iyer Group",13.20,8.73,268.49
C1093,"Aarav Joshi Technologies",13.15,7.95,284.41
C1082,"Aadhya Nair Systems",13.14,5.86,284.87
C1248,"Farhan Bose Solutions",13.11,8.67,228.13
C1044,"Krishna Bose Solutions",13.00,6.83,180.87
C1397,"Divya Reddy Group",13.00,8,317.7
C1402,"Rohan Reddy Industries",13.00,10,74.1
C1414,"Zoya Joshi Solutions",13.00,7.17,176.27
C1180,"Rahul Menon Labs",12.91,8.55,181.08
C1123,"Vihaan Joshi Solutions",12.88,8,280.72
C1067,"Tara Khan Group",12.64,7.55,214.63
C1174,"Vivaan Verma Systems",12.60,5.6,187.14
C1159,"Deepak Bose Systems",12.50,6.5,238.2
C1250,"Sai Rao Industries",12.42,6.17,253.68
C1410,"Isha Khan Technologies",12.40,7.4,167.14
C1362,"Aditya Patel Solutions",12.36,6.18,263.87
C1147,"Vivaan Khan Technologies",12.36,6.07,285.21
C1170,"Diya Verma Industries",12.33,7.67,152.12
C1112,"Aarav Singh Labs",12.31,7.19,123.56
C1142,"Kavya Reddy Technologies",12.27,6.86,264.7
C1364,"Aarav Bose Labs",12.23,6,230.47
C1009,"Rohan Patel Technologies",12.22,6.44,276.3
C1125,"Kiara Verma Systems",12.21,6.93,138.44
C1384,"Arjun Joshi Technologies",12.20,7.4,291.04
C1079,"Arun Rao Industries",12.17,7.17,218.1
C1076,"Arun Khan Labs",12.13,5.75,149.58
C1176,"Sneha Khan Technologies",12.00,5.8,159.62
C1203,"Saanvi Reddy Industries",12.00,7.33,273.67
C1232,"Rohan Bose Systems",12.00,7,360.03
C1395,"Deepak Patel Labs",12.00,7.5,257.7
C1241,"Rohan Iyer Group",11.82,6.94,169.24
C1319,"Divya Bose Group",11.80,6.4,224.4
C1296,"Saanvi Khan Group",11.74,7.26,240.58
C1139,"Arjun Menon Group",11.72,6,275.18
C1327,"Nikita Menon Group",11.71,7.5,287.81
C1003,"Zoya Das Systems",11.69,7.31,295.89
C1322,"Arjun Khan Systems",11.69,6.44,222.25
C1110,"Tara Sharma Solutions",11.67,6.17,300.63
C1321,"Nikita Sharma Group",11.60,6.8,256.34
C1052,"Aadhya Reddy Labs",11.50,7.38,266.49
C1172,"Reyansh Menon Industries",11.50,5,104.95
C1389,"Meera Sharma Industries",11.42,5.5,206.64
C1103,"Pooja Menon Group",11.39,7.06,251.97
C1135,"Nikita Menon Solutions",11.36,6.79,233.99
C1220,"Diya Rao Solutions",11.35,6.48,256.26
C1195,"Aman Gupta Labs",11.20,6,233.44
C1358,"Diya Das Systems",11.19,5.75,148.35
C1333,"Aditya Nair Systems",11.14,6.36,151.21
C1276,"Myra Reddy Industries",11.00,6.2,196.12
C1282,"Nikita Menon Solutions",11.00,7,297.4
C1028,"Ananya Gupta Solutions",10.84,6.47,158.3
C1388,"Sai Bose Group",10.79,5.53,236.12
C1275,"Nikita Verma Technologies",10.69,7,190.42
C1049,"Farhan Gupta Labs",10.67,6,228.63
C1400,"Arjun Bose Solutions",10.67,7,297.3
C1185,"Zoya Rao Labs",10.60,5.4,203.24
C1194,"Zoya Bose Group",10.50,6.2,155.55
C1200,"Kavya Rao Industries",10.50,3.5,223.95
C1033,"Arun Sharma Industries",10.43,6.64,266.45
C1247,"Karthik Sharma Technologies",10.40,6.4,321.36
C1274,"Aadhya Khan Systems",10.33,3,212.8
C1005,"Tara Joshi Systems",10.23,4.69,161.69
C1256,"Sai Gupta Technologies",10.20,5.3,267.56
C1377,"Zoya Bose Technologies",10.17,4.67,153.08
C1107,"Isha Nair Technologies",10.08,5.23,128.42
C1225,"Diya Patel Industries",10.06,6.12,212.34
C1260,"Meera Iyer Technologies",10.05,5.32,265.69
C1160,"Ishaan Singh Group",10.00,4,228.8
C1036,"Krishna Sharma Solutions",9.88,6,232.74
C1239,"Pooja Nair Solutions",9.75,4,188.32
C1212,"Sai Verma Solutions",9.74,5.58,260.93
C1357,"Saanvi Menon Labs",9.71,5.58,248.16
C1404,"Rahul Nair Labs",9.70,6.2,280.01
C1302,"Ishaan Singh Industries",9.63,6.25,228.19
C1043,"Aadhya Khan Systems",9.61,5.5,183.34
C1328,"Karthik Nair Labs",9.58,6,188.02
C1396,"Sai Joshi Systems",9.57,4.43,177.64
C1197,"Sanjay Menon Industries",9.56,5.44,272.84
C1331,"Krishna Bose Industries",9.53,5.12,164.64
C1352,"Aditya Patel Industries",9.50,6,261.97
C1001,"Ishaan Joshi Systems",9.25,4.5,140.09
C1050,"Arun Khan Solutions",9.18,4.64,203.86
C1184,"Meera Verma Group",9.14,4.71,255.81
C1158,"Farhan Nair Labs",9.14,4.36,231.15
C1105,"Riya Gupta Labs",9.08,5,255.63
C1035,"Arjun Gupta Industries",9.00,5.11,284.24
C1058,"Riya Das Labs",9.00,4.6,144.8
C1140,"Aarav Nair Systems",9.00,3.75,195.42
C1310,"Riya Das Technologies",9.00,4,252.06
C1073,"Vivaan Menon Group",8.82,5.06,276.41
C1064,"Riya Sharma Technologies",8.80,3.9,254.6
C1173,"Kiara Bose Labs",8.75,5,142.85
C1045,"Kavya Verma Solutions",8.71,4.29,241.2
C1018,"Myra Khan Systems",8.70,5.3,275.96
C1098,"Myra Nair Systems",8.67,4.22,284.41
C1355,"Nikita Reddy Technologies",8.67,4,214.23
C1339,"Nikita Iyer Group",8.65,5.09,235.99
C1041,"Sanjay Khan Systems",8.54,4.31,243.35
C1156,"Diya Sharma Technologies",8.50,4.6,297.44
C1213,"Nikita Verma Labs",8.50,6.5,217.65
C1040,"Reyansh Nair Labs",8.36,4.55,231.42
C1415,"Sneha Rao Group",8.36,4.64,226.7
C1370,"Arun Joshi Group",8.36,4,239.64
C1306,"Ananya Nair Systems",8.29,3.57,264.36
C1356,"Divya Joshi Industries",8.27,4.64,242.33
C1004,"Diya Joshi Labs",8.20,4.2,253
C1399,"Aman Patel Technologies",8.20,5.4,148.4
C1318,"Vihaan Sharma Labs",8.13,4.38,256.3
C1115,"Rahul Rao Labs",8.00,2.75,244.98
C1245,"Aadhya Sharma Labs",8.00,6,135
C1309,"Diya Gupta Labs",7.96,4.65,270.41
C1273,"Ananya Menon Systems",7.95,3.77,255.85
C1226,"Ishaan Patel Industries",7.95,4.7,232.38
C1119,"Deepak Verma Systems",7.94,4.33,248.1
C1323,"Pooja Verma Labs",7.93,4.73,258.98
C1251,"Diya Khan Group",7.86,4.64,248.88
C1020,"Saanvi Menon Group",7.86,4.71,163.57
C1254,"Rohan Nair Technologies",7.81,4.24,228.66
C1151,"Aman Gupta Solutions",7.76,4.53,111
C1026,"Vivaan Singh Solutions",7.75,4.38,150.51
C1409,"Saanvi Iyer Industries",7.70,4.6,141.4
C1408,"Aarav Reddy Labs",7.67,4.2,264.25
C1120,"Pooja Rao Solutions",7.57,4.43,298.77
C1257,"Vihaan Patel Solutions",7.50,3,129.78
C1417,"Naveen Patel Technologies",7.50,2.5,154.25
C1229,"Farhan Verma Technologies",7.45,4.45,251.15
C1055,"Arun Rao Technologies",7.44,3.56,145.66
C1095,"Aarav Das Industries",7.39,4,227.16
C1418,"Naveen Patel Technologies",7.38,4.23,249.4
C1219,"Tara Nair Group",7.35,3.9,225.52
C1074,"Priya Khan Group",7.33,4,215.67
C1205,"Isha Joshi Labs",7.25,3.92,168.5
C1101,"Zoya Bose Industries",7.22,3.74,244.41
C1286,"Krishna Khan Solutions",7.20,4.27,298.09
C1129,"Farhan Reddy Labs",7.13,4,214.66
C1336,"Sai Reddy Industries",7.11,3.58,249.8
C1413,"Kiara Joshi Solutions",7.06,3.56,230.91
C1054,"Arjun Bose Group",7.00,4.5,412.45
C1092,"Aman Sharma Solutions",7.00,2,221.8
C1117,"Arun Gupta Labs",7.00,5,279.7
C1269,"Aadhya Patel Solutions",7.00,3.67,192.58
C1349,"Krishna Joshi Systems",7.00,4.09,255.56
C1252,"Meera Sharma Industries",6.94,3.11,142.84
C1186,"Diya Rao Technologies",6.93,3.87,253.23
C1157,"Meera Joshi Solutions",6.91,3.55,237.36
C1238,"Tara Gupta Technologies",6.90,3.7,177.04
C1363,"Pooja Gupta Group",6.80,3.2,256.8
C1029,"Sai Khan Technologies",6.75,2.92,264.82
C1221,"Rahul Gupta Solutions",6.75,3.5,112.34
C1294,"Meera Singh Group",6.75,4,119.26
C1303,"Farhan Khan Systems",6.71,3.29,221.33
C1342,"Divya Joshi Systems",6.65,3.75,259.65
C1236,"Saanvi Rao Industries",6.60,4.2,130.7
C1091,"Myra Nair Solutions",6.50,3,369.55
C1162,"Divya Nair Technologies",6.50,3.5,137.8
C1267,"Nikita Rao Industries",6.50,3.67,98.17
C1348,"Aditya Menon Labs",6.50,3.43,229.74
C1077,"Krishna Nair Industries",6.40,3.5,231.76
C1227,"Karthik Das Industries",6.40,4,156.8
C1122,"Aarav Gupta Technologies",6.38,3.25,164.59
C1083,"Deepak Das Group",6.30,3.1,261.63
C1406,"Vihaan Joshi Group",6.22,3.11,222.31
C1166,"Deepak Joshi Industries",6.20,4.2,209.94
C1360,"Deepak Gupta Group",6.20,3,286.2
C1014,"Rahul Patel Industries",6.17,3.67,279.08
C1131,"Aditya Menon Industries",6.14,3.1,197.4
C1143,"Reyansh Menon Solutions",6.13,3.25,147.14
C1381,"Diya Nair Systems",6.10,3.75,176.98
C1155,"Naveen Verma Technologies",6.06,2.88,270.19
C1065,"Priya Verma Systems",6.00,3.13,273.18
C1153,"Aadhya Patel Solutions",6.00,2.2,231.36
C1253,"Karthik Rao Solutions",6.00,3,150.81
C1343,"Isha Iyer Technologies",6.00,2,216.6
C1141,"Ananya Joshi Industries",5.91,3.09,295.21
C1317,"Divya Patel Systems",5.80,3,243.96
C1183,"Sanjay Gupta Labs",5.78,2.89,149.1
C1053,"Sanjay Joshi Group",5.60,2.87,134.49
C1163,"Meera Menon Industries",5.56,2.81,248.96
C1146,"Priya Iyer Technologies",5.50,2.83,244.2
C1216,"Nikita Khan Systems",5.47,2.82,264.57
C1420,"Arun Gupta Technologies",5.45,2.68,219.98
C1124,"Krishna Sharma Systems",5.40,3.2,310.66
C1066,"Ishaan Reddy Solutions",5.33,2.67,234.62
C1007,"Sai Das Technologies",5.32,2.91,262.68
C1099,"Ishaan Patel Group",5.31,2.54,149.09
C1299,"Rahul Iyer Group",5.29,2.29,238.31
C1136,"Deepak Bose Group",5.22,2.78,245.27
C1063,"Rahul Menon Systems",5.20,2.5,146.06
C1283,"Kiara Nair Industries",5.19,2.29,246.93
C1175,"Pooja Bose Solutions",5.15,2.35,234.58
C1230,"Ishaan Patel Industries",5.12,2.59,170.71
C1015,"Sanjay Gupta Industries",5.08,2.83,263.19
C1038,"Sneha Menon Industries",5.07,2.71,134.14
C1087,"Diya Iyer Labs",5.00,3,184.5
C1209,"Rahul Khan Systems",5.00,2.5,224.77
C1244,"Myra Sharma Industries",5.00,3,191.4
C1075,"Ishaan Khan Industries",4.88,2.5,253.82
C1011,"Rohan Iyer Solutions",4.80,2.4,260.66
C1351,"Priya Gupta Systems",4.76,2.38,229.38
C1106,"Ananya Singh Group",4.75,2.75,265.7
C1412,"Farhan Verma Solutions",4.75,2.38,133.8
C1312,"Saanvi Bose Labs",4.69,2.08,311.65
C1277,"Kiara Gupta Industries",4.68,2.16,176.06
C1104,"Farhan Iyer Group",4.67,2,243.93
C1325,"Ishaan Reddy Group",4.55,2.4,268.61
C1148,"Divya Bose Solutions",4.50,1.75,208.2
C1210,"Deepak Patel Technologies",4.50,2.25,121.59
C1304,"Karthik Sharma Group",4.47,2.67,260.33
C1405,"Deepak Gupta Labs",4.44,2.89,200.87
C1289,"Karthik Patel Systems",4.30,2.3,255.58
C1179,"Sneha Iyer Solutions",4.29,2,149.8
C1295,"Aman Joshi Group",4.25,2.38,247.44
C1272,"Pooja Joshi Industries",4.22,1.67,280.39
C1265,"Aditya Reddy Solutions",4.20,2.07,247.05
C1118,"Ishaan Reddy Group",4.17,1.5,215.8
C1279,"Divya Verma Solutions",4.14,1.71,167.51
C1298,"Riya Menon Systems",4.10,2.38,274.94
C1097,"Diya Gupta Industries",4.00,2,350.7
C1169,"Reyansh Menon Solutions",4.00,1.75,273.73
C1224,"Isha Patel Technologies",4.00,1.91,232.45
C1037,"Diya Das Industries",3.82,2.09,173.79
C1152,"Nikita Verma Technologies",3.80,1.4,171.69
C1189,"Kiara Patel Group",3.80,1.8,120.86
C1039,"Arjun Iyer Systems",3.77,1.91,244.15
C1293,"Tara Joshi Systems",3.71,1.71,232.59
C1080,"Rohan Sharma Group",3.63,1.75,227.15
C1193,"Diya Menon Systems",3.60,2,299.72
C1215,"Zoya Patel Solutions",3.60,1.2,278.4
C1242,"Deepak Bose Group",3.50,1.5,292.4
C1048,"Aman Singh Labs",3.44,1.61,193.27
C1192,"Deepak Nair Technologies",3.44,1.78,246.96
C1017,"Rahul Reddy Solutions",3.43,1.86,261.31
C1088,"Reyansh Das Technologies",3.42,1.63,230.11
C1398,"Zoya Rao Group",3.42,1.25,160.57
C1149,"Vivaan Verma Technologies",3.38,1.86,281.87
C1025,"Diya Singh Labs",3.33,1.62,267.28
C1308,"Naveen Gupta Labs",3.33,1.5,316.65
C1316,"Deepak Reddy Group",3.29,1.41,250.35
C1235,"Vivaan Bose Technologies",3.29,1.29,237.09
C1329,"Kavya Das Group",3.29,1.14,195.2
C1078,"Rohan Patel Group",3.20,1.3,228.05
C1016,"Diya Singh Industries",3.17,1.25,143.39
C1167,"Aarav Patel Labs",3.14,1.24,234.7
C1330,"Ananya Sharma Group",3.05,1.25,263.16
C1027,"Vihaan Bose Group",3.00,1.67,153.12
C1090,"Aarav Menon Group",3.00,1.33,183.93
C1116,"Isha Gupta Group",3.00,2,206
C1383,"Myra Patel Solutions",3.00,1.4,239.28
C1375,"Tara Bose Group",2.95,1.45,209.73
C1132,"Sneha Khan Solutions",2.85,1.08,166.7
C1023,"Meera Menon Industries",2.80,0.8,272.42
C1022,"Rahul Singh Technologies",2.75,1.06,238.91
C1089,"Reyansh Bose Solutions",2.75,1.12,320.49
C1161,"Sneha Das Systems",2.75,1.12,282.51
C1278,"Meera Sharma Industries",2.73,1.05,173.91
C1401,"Naveen Gupta Solutions",2.70,1,202.13
C1154,"Kiara Das Group",2.67,1.33,219.3
C1068,"Ananya Gupta Industries",2.50,0.5,312.8
C1199,"Aman Singh Labs",2.40,1,248.28
C1258,"Myra Verma Technologies",2.40,0.6,148.74
C1056,"Kavya Rao Systems",2.33,1,280.28
C1081,"Ananya Nair Group",2.33,0.89,240.52
C1287,"Farhan Nair Industries",2.33,0.6,145.68
C1182,"Arun Menon Labs",2.31,0.88,156.73
C1190,"Myra Joshi Solutions",2.30,0.78,256.29
C1311,"Kavya Rao Labs",2.25,0.75,172.12
C1285,"Isha Verma Solutions",2.20,0.65,263.38
C1301,"Sanjay Verma Industries",2.20,0.4,162.46
C1086,"Karthik Sharma Systems",2.19,1,247.09
C1046,"Tara Patel Industries",2.19,0.62,165.79
C1391,"Nikita Verma Industries",2.14,0.93,251.64
C1281,"Farhan Das Group",2.13,0.5,173.08
C1062,"Kavya Das Solutions",2.00,0.67,146
C1337,"Rohan Patel Systems",2.00,0.58,198.13
C1390,"Rahul Reddy Labs",1.80,0.5,141.75
C1208,"Deepak Das Group",1.75,0.58,159.9
C1378,"Sneha Reddy Solutions",1.64,0.5,151.92
C1196,"Ananya Singh Industries",1.50,0.5,147.45
C1305,"Ananya Reddy Solutions",1.50,0.5,226.45
C1385,"Vihaan Das Group",1.50,0.5,77.95
C1228,"Kiara Sharma Solutions",1.45,0.45,172.53
C1012,"Meera Patel Labs",1.40,0.7,171.53
C1255,"Riya Joshi Labs",1.00,0,178.97
C1013,"Farhan Das Industries",0.00,0,242.1
