MonthAge,CustomersObserved,RetainedCustomers,RetentionRate,RetentionPct
0,406,406,1.0,100.0
1,392,392,1.0,100.0
2,373,372,0.9973190348525469,99.73190348525469
3,355,352,0.9915492957746479,99.15492957746478
4,340,331,0.9735294117647059,97.35294117647058
5,314,298,0.9490445859872612,94.90445859872611
6,298,276,0.9261744966442953,92.61744966442953
7,280,258,0.9214285714285714,92.14285714285714
8,266,239,0.8984962406015038,89.84962406015038
9,252,227,0.9007936507936508,90.07936507936508
10,228,203,0.8903508771929824,89.03508771929825
11,212,186,0.8773584905660378,87.73584905660378
12,202,172,0.8514851485148515,85.14851485148515
13,185,159,0.8594594594594595,85.94594594594595
14,170,145,0.8529411764705882,85.29411764705883
15,157,131,0.8343949044585988,83.43949044585987
16,142,113,0.795774647887324,79.5774647887324
17,126,98,0.7777777777777778,77.77777777777779
18,106,85,0.8018867924528302,80.18867924528303
19,90,72,0.8,80.0
20,65,55,0.8461538461538461,84.61538461538461
21,46,37,0.8043478260869565,80.43478260869566
22,27,22,0.8148148148148148,81.48148148148148
23,11,10,0.9090909090909091,90.9090909090909
