0,1,2,3,4,5,6,7,8,9,10,11,12,13,14,15,16,17,18,19,20,21,22,23
100.0,100.0,100.0,100.0,100.0,100.0,100.0,100.0,100.0,100.0,100.0,100.0,100.0,100.0,100.0,100.0,100.0,100.0,100.0,90.9090909090909,90.9090909090909,90.9090909090909,90.9090909090909,90.9090909090909
100.0,100.0,100.0,100.0,100.0,93.75,93.75,93.75,93.75,93.75,87.5,87.5,87.5,81.25,81.25,81.25,75.0,75.0,75.0,75.0,75.0,75.0,75.0,
100.0,100.0,100.0,100.0,94.73684210526315,84.21052631578947,84.21052631578947,89.47368421052632,89.47368421052632,89.47368421052632,89.47368421052632,89.47368421052632,84.21052631578947,84.21052631578947,84.21052631578947,84.21052631578947,84.21052631578947,84.21052631578947,78.94736842105263,78.94736842105263,78.94736842105263,78.94736842105263,,
100.0,100.0,94.73684210526315,94.73684210526315,94.73684210526315,94.73684210526315,94.73684210526315,94.73684210526315,94.73684210526315,94.73684210526315,94.73684210526315,94.73684210526315,94.73684210526315,94.73684210526315,94.73684210526315,94.73684210526315,94.73684210526315,94.73684210526315,94.73684210526315,94.73684210526315,94.73684210526315,,,
100.0,100.0,100.0,100.0,96.0,96.0,92.0,92.0,92.0,92.0,88.0,88.0,84.0,84.0,76.0,72.0,68.0,68.0,68.0,68.0,,,,
100.0,100.0,100.0,93.75,93.75,93.75,93.75,93.75,87.5,87.5,81.25,81.25,81.25,81.25,75.0,75.0,75.0,75.0,75.0,,,,,
100.0,100.0,100.0,100.0,100.0,100.0,95.0,100.0,95.0,95.0,95.0,95.0,90.0,90.0,90.0,90.0,75.0,60.0,,,,,,
100.0,100.0,100.0,100.0,100.0,100.0,93.75,87.5,81.25,81.25,81.25,75.0,75.0,75.0,75.0,75.0,75.0,,,,,,,
100.0,100.0,100.0,100.0,100.0,100.0,100.0,100.0,100.0,100.0,100.0,100.0,100.0,93.33333333333333,93.33333333333333,86.66666666666667,,,,,,,,
100.0,100.0,100.0,100.0,100.0,100.0,100.0,100.0,100.0,100.0,100.0,100.0,92.3076923076923,92.3076923076923,92.3076923076923,,,,,,,,,
100.0,100.0,100.0,100.0,93.33333333333333,93.33333333333333,80.0,80.0,80.0,80.0,80.0,80.0,73.33333333333333,73.33333333333333,,,,,,,,,,
100.0,100.0,100.0,100.0,100.0,100.0,88.23529411764706,76.47058823529412,70.58823529411765,70.58823529411765,70.58823529411765,64.70588235294117,64.70588235294117,,,,,,,,,,,
100.0,100.0,100.0,90.0,90.0,90.0,90.0,90.0,90.0,90.0,90.0,90.0,,,,,,,,,,,,
100.0,100.0,100.0,100.0,100.0,93.75,93.75,93.75,93.75,93.75,93.75,,,,,,,,,,,,,
100.0,100.0,100.0,100.0,91.66666666666666,87.5,87.5,87.5,87.5,87.5,,,,,,,,,,,,,,
100.0,100.0,100.0,100.0,100.0,92.85714285714286,92.85714285714286,92.85714285714286,85.71428571428571,,,,,,,,,,,,,,,
100.0,100.0,100.0,100.0,100.0,100.0,100.0,100.0,,,,,,,,,,,,,,,,
100.0,100.0,100.0,100.0,100.0,94.44444444444444,94.44444444444444,,,,,,,,,,,,,,,,,
100.0,100.0,100.0,100.0,93.75,93.75,,,,,,,,,,,,,,,,,,
100.0,100.0,100.0,100.0,100.0,,,,,,,,,,,,,,,,,,,
100.0,100.0,100.0,100.0,,,,,,,,,,,,,,,,,,,,
100.0,100.0,100.0,,,,,,,,,,,,,,,,,,,,,
100.0,100.0,,,,,,,,,,,,,,,,,,,,,,
100.0,,,,,,,,,,,,,,,,,,,,,,,
