RiskRank,CustomerID,CompanyName,PlanName,Status,TotalMRR,TotalSeats,AvgMonthlyLogins,AvgActiveUsers,AvgSatisfactionScore,TicketCount,TicketsPerMonth,UsageTrend,AvgSessionMinutes,RiskScore,RiskBand
1,C1086,Karthik Sharma Systems,Business,Active,818.36,9.0,2.1904761904761907,1.0,2.5,2.0,0.0554016620498614,Decreasing,247.0857142857143,82.2,Critical
2,C1032,Naveen Menon Industries,Starter,Active,60.76,4.0,0.0,0.0,4.0,5.0,0.3184713375796179,Stable,0.0,81.85,Critical
3,C1034,Sneha Rao Industries,Enterprise,Active,2578.28,10.0,0.0,0.0,4.666666666666667,3.0,0.1973684210526315,Stable,0.0,78.32,Critical
4,C1334,Sai Menon Group,Enterprise,Active,1978.68,5.0,0.0,0.0,1.0,1.0,0.0625,Stable,0.0,75.8,Critical
5,C1218,Reyansh Joshi Group,Starter,Active,84.28,10.0,0.0,0.0,5.8,5.0,0.3246753246753247,Stable,0.0,74.68,High
6,C1263,Deepak Reddy Industries,Enterprise,Active,2338.44,8.0,0.0,0.0,4.0,1.0,0.0628930817610062,Stable,0.0,74.35,High
7,C1411,Saanvi Verma Technologies,Growth,Active,262.68,5.0,0.0,0.0,6.0,5.0,0.3164556962025316,Stable,0.0,73.67,High
8,C1329,Kavya Das Group,Starter,Active,76.44,8.0,3.2857142857142856,1.1428571428571428,4.333333333333333,3.0,0.13215859030837,Stable,195.20000000000002,73.33,High
9,C1116,Isha Gupta Group,Starter,Active,80.36,9.0,3.0,2.0,5.2,5.0,0.2941176470588235,Stable,206.0,72.01,High
10,C1240,Aadhya Gupta Group,Starter,Active,64.68,5.0,0.0,0.0,5.5,2.0,0.1282051282051282,Stable,0.0,72.01,High
11,C1084,Meera Patel Industries,Growth,Active,294.52,7.0,0.0,0.0,6.6,5.0,0.3225806451612903,Stable,0.0,71.44,High
12,C1375,Tara Bose Group,Starter,Active,68.6,6.0,2.9545454545454546,1.4545454545454546,4.75,4.0,0.1078167115902964,Stable,209.72727272727272,70.04,High
13,C1359,Aman Rao Group,Business,Active,658.68,5.0,0.0,0.0,6.666666666666667,3.0,0.1973684210526315,Stable,0.0,69.41,High
14,C1031,Isha Khan Technologies,Growth,Active,294.52,7.0,0.0,0.0,6.666666666666667,3.0,0.1973684210526315,Stable,0.0,69.41,High
15,C1070,Kiara Das Solutions,Starter,Active,64.68,5.0,0.0,0.0,7.0,3.0,0.1973684210526315,Stable,0.0,68.75,High
16,C1353,Farhan Gupta Labs,Starter,Active,68.6,6.0,0.0,0.0,6.5,2.0,0.1257861635220125,Stable,0.0,67.8,High
17,C1078,Rohan Patel Group,Starter,Active,76.44,8.0,3.2,1.3,6.0,8.0,0.3100775193798449,Stable,228.05,67.39,High
18,C1118,Ishaan Reddy Group,Growth,Active,278.6,6.0,4.166666666666667,1.5,2.0,1.0,0.0465116279069767,Stable,215.79999999999998,66.98,High
19,C1048,Aman Singh Labs,Business,Active,658.68,5.0,3.4444444444444446,1.6111111111111112,5.0,3.0,0.0900900900900901,Stable,193.27222222222224,66.91,High
20,C1391,Nikita Verma Industries,Starter,Active,68.6,6.0,2.142857142857143,0.9285714285714286,5.2,5.0,0.1683501683501683,Stable,251.6357142857143,66.44,High
21,C1148,Divya Bose Solutions,Business,Active,778.44,8.0,4.5,1.75,3.0,1.0,0.050251256281407,Stable,208.20000000000002,66.21,High
22,C1383,Myra Patel Solutions,Starter,Active,92.12,12.0,3.0,1.4,5.833333333333333,6.0,0.2870813397129186,Stable,239.28000000000003,66.19,High
23,C1265,Aditya Reddy Solutions,Growth,Active,294.52,7.0,4.2,2.066666666666667,3.25,4.0,0.132013201320132,Stable,247.05333333333334,65.89,High
24,C1235,Vivaan Bose Technologies,Starter,Active,68.6,6.0,3.2857142857142856,1.2857142857142858,5.5,4.0,0.1746724890829694,Stable,237.08571428571426,65.78,High
25,C1066,Ishaan Reddy Solutions,Starter,Active,88.2,11.0,5.333333333333333,2.6666666666666665,3.333333333333333,3.0,0.1395348837209302,Stable,234.61666666666667,65.59,High
26,C1022,Rahul Singh Technologies,Starter,Active,64.68,5.0,2.75,1.0625,6.125,8.0,0.2564102564102564,Stable,238.9125,65.42,High
27,C1056,Kavya Rao Systems,Business,Active,658.68,5.0,2.333333333333333,1.0,4.5,4.0,0.1895734597156398,Stable,280.2833333333333,64.61,High
28,C1074,Priya Khan Group,Growth,Active,294.52,7.0,7.333333333333333,4.0,4.4,5.0,0.267379679144385,Stable,215.66666666666666,64.48,High
29,C1166,Deepak Joshi Industries,Enterprise,Active,2338.44,8.0,6.2,4.2,4.0,3.0,0.1492537313432835,Stable,209.94,64.3,High
30,C1224,Isha Patel Technologies,Business,Active,898.2,11.0,4.0,1.9090909090909087,0.0,0.0,0.0,Stable,232.45454545454547,64.11,High
31,C1293,Tara Joshi Systems,Growth,Active,278.6,6.0,3.7142857142857135,1.7142857142857142,6.0,6.0,0.2608695652173913,Stable,232.58571428571426,64.02,High
32,C1244,Myra Sharma Industries,Starter,Active,72.52,7.0,5.0,3.0,5.0,2.0,0.1149425287356322,Stable,191.4,63.96,High
33,C1303,Farhan Khan Systems,Starter,Active,72.52,7.0,6.705882352941177,3.294117647058824,4.857142857142857,7.0,0.214723926380368,Stable,221.3264705882353,63.56,High
34,C1087,Diya Iyer Labs,Starter,Active,60.76,4.0,5.0,3.0,5.75,4.0,0.223463687150838,Stable,184.5,63.56,High
35,C1017,Rahul Reddy Solutions,Starter,Active,60.76,4.0,3.4285714285714284,1.8571428571428568,4.0,3.0,0.131004366812227,Stable,261.31428571428575,63.55,High
36,C1092,Aman Sharma Solutions,Starter,Active,68.6,6.0,7.0,2.0,4.5,2.0,0.1183431952662722,Stable,221.8,62.9,High
37,C1192,Deepak Nair Technologies,Starter,Active,84.28,10.0,3.4444444444444446,1.7777777777777777,5.0,4.0,0.1179941002949852,Stable,246.95555555555555,62.89,High
38,C1161,Sneha Das Systems,Growth,Active,246.76,4.0,2.75,1.125,4.0,3.0,0.1276595744680851,Stable,282.5125,62.84,High
39,C1343,Isha Iyer Technologies,Starter,Active,72.52,7.0,6.0,2.0,0.0,0.0,0.0,Stable,216.6,62.63,High
40,C1316,Deepak Reddy Group,Growth,Active,342.28,10.0,3.294117647058824,1.411764705882353,4.5,2.0,0.062111801242236,Stable,250.35,62.2,High
41,C1104,Farhan Iyer Group,Starter,Active,72.52,7.0,4.666666666666667,2.0,2.0,1.0,0.053475935828877,Stable,243.9333333333333,62.07,High
42,C1351,Priya Gupta Systems,Starter,Active,76.44,8.0,4.761904761904762,2.380952380952381,5.4,5.0,0.136986301369863,Stable,229.38095238095238,61.86,High
43,C1317,Divya Patel Systems,Growth,Active,326.36,9.0,5.8,3.0,4.75,4.0,0.1951219512195122,Stable,243.95999999999998,61.76,High
44,C1133,Divya Nair Solutions,Starter,Active,80.36,9.0,0.0,0.0,8.0,1.0,0.0657894736842105,Stable,0.0,61.65,High
45,C1304,Karthik Sharma Group,Starter,Active,64.68,5.0,4.466666666666667,2.6666666666666665,3.5,4.0,0.1311475409836065,Stable,260.32666666666665,61.57,High
46,C1080,Rohan Sharma Group,Growth,Active,310.44,8.0,3.625,1.75,5.5,2.0,0.0836820083682008,Stable,227.15,61.54,High
47,C1199,Aman Singh Labs,Growth,Active,278.6,6.0,2.4,1.0,5.0,1.0,0.0478468899521531,Stable,248.28000000000003,61.41,High
48,C1025,Diya Singh Labs,Growth,Active,262.68,5.0,3.333333333333333,1.619047619047619,4.5,4.0,0.1098901098901098,Stable,267.2761904761905,60.68,High
49,C1175,Pooja Bose Solutions,Starter,Active,56.84,3.0,5.15,2.35,5.714285714285714,7.0,0.1994301994301994,Stable,234.58,60.63,High
50,C1330,Ananya Sharma Group,Business,Active,538.92,2.0,3.05,1.25,3.0,1.0,0.0280898876404494,Stable,263.165,60.46,High
51,C1081,Ananya Nair Group,Starter,Active,64.68,5.0,2.333333333333333,0.8888888888888888,6.666666666666667,3.0,0.12,Stable,240.5222222222222,60.38,High
52,C1295,Aman Joshi Group,Growth,Active,278.6,6.0,4.25,2.375,0.0,0.0,0.0,Stable,247.4375,60.18,High
53,C1215,Zoya Patel Solutions,Starter,Active,60.76,4.0,3.6,1.2,5.2,5.0,0.2487562189054726,Stable,278.4,60.04,High
54,C1023,Meera Menon Industries,Business,Active,778.44,8.0,2.8,0.8,5.8,5.0,0.238095238095238,Stable,272.41999999999996,59.98,Moderate
55,C1106,Ananya Singh Group,Growth,Active,199.0,1.0,4.75,2.75,4.333333333333333,3.0,0.1570680628272251,Stable,265.70000000000005,59.68,Moderate
56,C1272,Pooja Joshi Industries,Enterprise,Active,2218.52,7.0,4.222222222222222,1.6666666666666667,4.8,5.0,0.2066115702479339,Stable,280.3888888888889,59.66,Moderate
57,C1245,Aadhya Sharma Labs,Starter,Active,84.28,10.0,8.0,6.0,5.142857142857143,7.0,0.4166666666666666,Stable,135.0,59.24,Moderate
58,C1163,Meera Menon Industries,Growth,Active,278.6,6.0,5.5625,2.8125,4.0,3.0,0.09375,Stable,248.9625,58.9,Moderate
59,C1157,Meera Joshi Solutions,Growth,Active,230.84,3.0,6.909090909090909,3.5454545454545454,5.166666666666667,6.0,0.2290076335877862,Stable,237.36363636363637,58.86,Moderate
60,C1283,Kiara Nair Industries,Starter,Active,84.28,10.0,5.190476190476191,2.2857142857142856,3.0,1.0,0.027027027027027,Stable,246.93333333333334,58.64,Moderate
61,C1167,Aarav Patel Labs,Growth,Active,278.6,6.0,3.142857142857143,1.238095238095238,6.75,4.0,0.1095890410958904,Stable,234.7047619047619,58.6,Moderate
62,C1136,Deepak Bose Group,Growth,Active,294.52,7.0,5.222222222222222,2.7777777777777777,0.0,0.0,0.0,Stable,245.26666666666668,58.58,Moderate
63,C1088,Reyansh Das Technologies,Growth,Active,310.44,8.0,3.421052631578948,1.631578947368421,6.333333333333333,3.0,0.0879765395894428,Stable,230.11052631578949,58.51,Moderate
64,C1406,Vihaan Joshi Group,Growth,Active,278.6,6.0,6.222222222222222,3.111111111111111,6.0,5.0,0.2049180327868852,Stable,222.3111111111111,58.09,Moderate
65,C1146,Priya Iyer Technologies,Growth,Active,294.52,7.0,5.5,2.833333333333333,3.5,2.0,0.050632911392405,Stable,244.19583333333333,57.84,Moderate
66,C1149,Vivaan Verma Technologies,Enterprise,Active,1978.68,5.0,3.380952380952381,1.8571428571428568,5.0,5.0,0.1377410468319559,Stable,281.87142857142857,57.8,Moderate
67,C1285,Isha Verma Solutions,Business,Active,778.44,8.0,2.2,0.65,5.5,2.0,0.056338028169014,Stable,263.385,57.09,Moderate
68,C1095,Aarav Das Industries,Starter,Active,72.52,7.0,7.391304347826087,4.0,2.0,2.0,0.0518134715025906,Stable,227.16086956521738,56.97,Moderate
69,C1200,Kavya Rao Industries,Starter,Active,60.76,4.0,10.5,3.5,4.666666666666667,3.0,0.1694915254237288,Stable,223.95,56.8,Moderate
70,C1415,Sneha Rao Group,Business,Active,778.44,8.0,8.363636363636363,4.636363636363637,4.333333333333333,3.0,0.112781954887218,Stable,226.7,56.32,Moderate
71,C1160,Ishaan Singh Group,Starter,Active,68.6,6.0,10.0,4.0,5.0,4.0,0.2395209580838323,Stable,228.8,56.06,Moderate
72,C1306,Ananya Nair Systems,Starter,Active,72.52,7.0,8.285714285714286,3.571428571428572,7.0,3.0,0.1345291479820627,Decreasing,264.35714285714283,56.0,Moderate
73,C1068,Ananya Gupta Industries,Growth,Active,262.68,5.0,2.5,0.5,5.5,2.0,0.111731843575419,Stable,312.79999999999995,55.31,Moderate
74,C1011,Rohan Iyer Solutions,Growth,Active,262.68,5.0,4.8,2.4,4.5,2.0,0.0560224089635854,Stable,260.665,55.22,Moderate
75,C1339,Nikita Iyer Group,Growth,Active,278.6,6.0,8.652173913043478,5.086956521739131,4.0,5.0,0.1305483028720626,Stable,235.98695652173913,55.1,Moderate
76,C1254,Rohan Nair Technologies,Growth,Active,310.44,8.0,7.809523809523809,4.238095238095238,5.0,4.0,0.1095890410958904,Stable,228.65714285714287,55.01,Moderate
77,C1325,Ishaan Reddy Group,Enterprise,Active,2338.44,8.0,4.55,2.4,5.0,4.0,0.111731843575419,Stable,268.61,54.95,Moderate
78,C1289,Karthik Patel Systems,Growth,Active,262.68,5.0,4.304347826086956,2.3043478260869565,5.0,2.0,0.0518134715025906,Increasing,255.58260869565217,54.72,Moderate
79,C1015,Sanjay Gupta Industries,Growth,Active,246.76,4.0,5.083333333333333,2.833333333333333,5.0,3.0,0.108695652173913,Stable,263.19166666666666,54.53,Moderate
80,C1091,Myra Nair Solutions,Business,Active,618.76,4.0,6.5,3.0,1.0,3.0,0.1714285714285714,Stable,369.54999999999995,54.31,Moderate
81,C1420,Arun Gupta Technologies,Growth,Active,278.6,6.0,5.454545454545454,2.6818181818181817,6.333333333333333,3.0,0.079155672823219,Increasing,219.9818181818182,54.3,Moderate
82,C1348,Aditya Menon Labs,Business,Active,618.76,4.0,6.5,3.4285714285714284,5.666666666666667,3.0,0.1016949152542373,Stable,229.7357142857143,53.91,Moderate
83,C1075,Ishaan Khan Industries,Business,Active,738.52,7.0,4.875,2.5,6.6,5.0,0.2083333333333333,Stable,253.825,53.58,Moderate
84,C1312,Saanvi Bose Labs,Growth,Active,326.36,9.0,4.6923076923076925,2.076923076923077,5.2,5.0,0.1730103806228373,Stable,311.6461538461539,53.53,Moderate
85,C1101,Zoya Bose Industries,Growth,Active,294.52,7.0,7.217391304347826,3.739130434782609,4.0,2.0,0.0523560209424083,Stable,244.4086956521739,53.53,Moderate
86,C1363,Pooja Gupta Group,Growth,Active,310.44,8.0,6.8,3.2,5.666666666666667,6.0,0.2898550724637681,Stable,256.8,53.34,Moderate
87,C1193,Diya Menon Systems,Growth,Active,278.6,6.0,3.6,2.0,5.0,2.0,0.0952380952380952,Stable,299.71999999999997,53.21,Moderate
88,C1229,Farhan Verma Technologies,Starter,Active,72.52,7.0,7.454545454545454,4.454545454545454,1.5,2.0,0.0760456273764258,Stable,251.15454545454543,53.15,Moderate
89,C1336,Sai Reddy Industries,Business,Active,658.68,5.0,7.105263157894737,3.5789473684210527,2.0,1.0,0.0285714285714285,Stable,249.79999999999998,52.87,Moderate
90,C1299,Rahul Iyer Group,Growth,Active,374.12,12.0,5.294117647058823,2.294117647058824,6.0,2.0,0.0619195046439628,Stable,238.30588235294115,52.67,Moderate
91,C1039,Arjun Iyer Systems,Starter,Active,76.44,8.0,3.772727272727273,1.9090909090909087,6.5,2.0,0.053475935828877,Stable,244.15454545454543,52.14,Moderate
92,C1389,Meera Sharma Industries,Business,Active,738.52,7.0,11.416666666666666,5.5,3.5,2.0,0.0714285714285714,Stable,206.64166666666665,52.1,Moderate
93,C1141,Ananya Joshi Industries,Growth,Active,278.6,6.0,5.913043478260869,3.0869565217391304,4.0,4.0,0.1047120418848167,Stable,295.21304347826083,51.98,Moderate
94,C1418,Naveen Patel Technologies,Growth,Active,326.36,9.0,7.384615384615385,4.230769230769231,2.0,1.0,0.0350877192982456,Stable,249.39615384615385,51.91,Moderate
95,C1310,Riya Das Technologies,Business,Active,778.44,8.0,9.0,4.0,4.666666666666667,3.0,0.1485148514851485,Stable,252.06,51.66,Moderate
96,C1077,Krishna Nair Industries,Starter,Active,80.36,9.0,6.4,3.5,7.5,4.0,0.1550387596899224,Stable,231.76,50.74,Moderate
97,C1040,Reyansh Nair Labs,Growth,Active,326.36,9.0,8.363636363636363,4.545454545454546,5.75,4.0,0.150375939849624,Stable,231.4181818181818,50.62,Moderate
98,C1089,Reyansh Bose Solutions,Starter,Active,72.52,9.0,2.75,1.125,7.5,4.0,0.1724137931034483,Stable,320.4875,50.56,Moderate
99,C1216,Nikita Khan Systems,Starter,Active,76.44,8.0,5.470588235294118,2.823529411764706,5.333333333333333,3.0,0.0928792569659442,Stable,264.5705882352941,50.55,Moderate
100,C1360,Deepak Gupta Group,Starter,Active,60.76,4.0,6.2,3.0,4.5,2.0,0.0956937799043062,Stable,286.2,50.26,Moderate
101,C1364,Aarav Bose Labs,Enterprise,Active,1978.68,5.0,12.23076923076923,6.0,4.5,4.0,0.1379310344827586,Stable,230.47307692307692,50.15,Moderate
102,C1349,Krishna Joshi Systems,Enterprise,Active,2458.36,9.0,7.0,4.090909090909091,5.333333333333333,3.0,0.1136363636363636,Stable,255.56363636363633,49.81,Moderate
103,C1004,Diya Joshi Labs,Starter,Active,80.36,9.0,8.2,4.2,0.0,0.0,0.0,Stable,253.0,49.73,Moderate
104,C1018,Myra Khan Systems,Enterprise,Active,2098.6,6.0,8.7,5.3,4.333333333333333,6.0,0.2316602316602316,Stable,275.96,49.33,Moderate
105,C1319,Divya Bose Group,Growth,Active,278.6,6.0,11.8,6.4,5.25,4.0,0.1913875598086124,Stable,224.4,49.19,Moderate
106,C1190,Myra Joshi Solutions,Growth,Active,342.28,10.0,2.3043478260869565,0.782608695652174,9.0,1.0,0.0259067357512953,Stable,256.2913043478261,49.17,Moderate
107,C1072,Rohan Gupta Technologies,Growth,Active,278.6,6.0,17.523809523809526,10.047619047619047,5.75,8.0,0.2197802197802197,Decreasing,232.34285714285713,49.14,Moderate
108,C1356,Divya Joshi Industries,Business,Active,618.76,4.0,8.272727272727273,4.636363636363637,5.0,2.0,0.0757575757575757,Stable,242.3272727272727,49.04,Moderate
109,C1251,Diya Khan Group,Business,Active,818.36,9.0,7.863636363636363,4.636363636363637,5.0,3.0,0.08,Stable,248.87727272727273,48.87,Moderate
110,C1029,Sai Khan Technologies,Business,Active,698.6,6.0,6.75,2.9166666666666665,6.333333333333333,6.0,0.218978102189781,Stable,264.81666666666666,48.73,Moderate
111,C1174,Vivaan Verma Systems,Growth,Active,230.84,3.0,12.6,5.6,6.0,6.0,0.2985074626865671,Stable,187.14000000000001,48.67,Moderate
112,C1273,Ananya Menon Systems,Business,Active,818.36,9.0,7.954545454545454,3.772727272727273,4.5,2.0,0.0536193029490616,Stable,255.85,48.56,Moderate
113,C1195,Aman Gupta Labs,Enterprise,Active,2578.28,10.0,11.2,6.0,5.2,5.0,0.1388888888888889,Stable,233.445,48.37,Moderate
114,C1083,Deepak Das Group,Starter,Active,80.36,9.0,6.3,3.1,5.0,1.0,0.0383141762452107,Stable,261.63,48.19,Moderate
115,C1045,Kavya Verma Solutions,Enterprise,Active,2578.28,10.0,8.714285714285714,4.285714285714286,6.4,5.0,0.2202643171806167,Increasing,241.20000000000002,48.04,Moderate
116,C1298,Riya Menon Systems,Starter,Active,56.84,3.0,4.095238095238095,2.380952380952381,6.5,4.0,0.1092896174863388,Stable,274.93809523809523,48.04,Moderate
117,C1169,Reyansh Menon Solutions,Business,Active,658.68,5.0,4.0,1.75,9.333333333333334,3.0,0.15,Stable,273.725,47.87,Moderate
118,C1388,Sai Bose Group,Growth,Active,310.44,8.0,10.789473684210526,5.526315789473684,3.0,1.0,0.028735632183908,Stable,236.1157894736842,47.73,Moderate
119,C1036,Krishna Sharma Solutions,Starter,Active,80.36,9.0,9.882352941176473,6.0,5.833333333333333,6.0,0.1857585139318885,Stable,232.74117647058824,47.73,Moderate
120,C1135,Nikita Menon Solutions,Growth,Active,246.76,4.0,11.357142857142858,6.785714285714286,4.666666666666667,3.0,0.1020408163265306,Stable,233.9857142857143,47.66,Moderate
121,C1370,Arun Joshi Group,Business,Active,658.68,5.0,8.357142857142858,4.0,5.5,2.0,0.0666666666666666,Stable,239.64285714285714,47.43,Moderate
122,C1321,Nikita Sharma Group,Starter,Active,68.6,6.0,11.6,6.8,4.6,5.0,0.238095238095238,Stable,256.34000000000003,47.31,Moderate
123,C1073,Vivaan Menon Group,Starter,Active,84.28,10.0,8.823529411764707,5.0588235294117645,3.25,4.0,0.1234567901234568,Stable,276.40588235294115,47.27,Moderate
124,C1159,Deepak Bose Systems,Starter,Active,80.36,9.0,12.5,6.5,5.333333333333333,6.0,0.3,Stable,238.2,47.11,Moderate
125,C1153,Aadhya Patel Solutions,Business,Active,618.76,4.0,6.0,2.2,8.0,1.0,0.0483091787439613,Stable,231.35999999999999,47.1,Moderate
126,C1392,Ananya Rao Industries,Starter,Active,64.68,5.0,18.571428571428573,11.38095238095238,4.5,2.0,0.0543478260869565,Decreasing,229.2047619047619,47.0,Moderate
127,C1186,Diya Rao Technologies,Business,Active,738.52,7.0,6.933333333333334,3.8666666666666663,6.0,3.0,0.0970873786407767,Stable,253.22666666666666,46.56,Moderate
128,C1158,Farhan Nair Labs,Starter,Active,84.28,10.0,9.136363636363637,4.363636363636363,5.666666666666667,3.0,0.0802139037433155,Stable,231.14545454545453,46.47,Moderate
129,C1322,Arjun Khan Systems,Growth,Active,294.52,7.0,11.6875,6.4375,5.8,5.0,0.1577287066246056,Stable,222.25,46.44,Moderate
130,C1184,Meera Verma Group,Business,Active,818.36,9.0,9.142857142857142,4.714285714285714,3.5,2.0,0.0546448087431694,Stable,255.8142857142857,46.41,Moderate
131,C1308,Naveen Gupta Labs,Enterprise,Active,2458.36,9.0,3.333333333333333,1.5,6.0,1.0,0.0469483568075117,Stable,316.65000000000003,46.4,Moderate
132,C1413,Kiara Joshi Solutions,Growth,Active,246.76,4.0,7.0625,3.5625,7.666666666666667,3.0,0.0946372239747634,Stable,230.9125,46.29,Moderate
133,C1065,Priya Verma Systems,Business,Active,898.2,11.0,6.0,3.1333333333333333,6.25,4.0,0.132013201320132,Stable,273.18,46.21,Moderate
134,C1041,Sanjay Khan Systems,Growth,Active,437.8,16.0,8.538461538461538,4.307692307692308,5.5,2.0,0.0711743772241992,Stable,243.34615384615384,45.88,Moderate
135,C1408,Aarav Reddy Labs,Starter,Active,68.6,6.0,7.666666666666667,4.2,5.333333333333333,3.0,0.0986842105263157,Stable,264.24666666666667,45.7,Moderate
136,C1256,Sai Gupta Technologies,Enterprise,Active,1978.68,5.0,10.2,5.3,4.75,4.0,0.1593625498007968,Stable,267.56,45.68,Moderate
137,C1220,Diya Rao Solutions,Business,Active,658.68,5.0,11.347826086956522,6.478260869565218,4.6,5.0,0.1312335958005249,Stable,256.2608695652174,45.41,Moderate
138,C1394,Sai Menon Group,Growth,Active,278.6,6.0,13.45,7.15,4.0,3.0,0.0835654596100278,Stable,228.26500000000001,45.4,Moderate
139,C1362,Aditya Patel Solutions,Starter,Active,64.68,5.0,12.363636363636363,6.181818181818182,3.333333333333333,6.0,0.1617250673854447,Stable,263.8727272727273,45.3,Moderate
140,C1067,Tara Khan Group,Growth,Active,326.36,9.0,12.636363636363637,7.545454545454546,5.833333333333333,6.0,0.2247191011235955,Stable,214.62727272727273,45.12,Moderate
141,C1342,Divya Joshi Systems,Starter,Active,76.44,8.0,6.65,3.75,6.5,4.0,0.1136363636363636,Stable,259.65,45.05,Moderate
142,C1054,Arjun Bose Group,Business,Active,818.36,9.0,7.0,4.5,5.333333333333333,3.0,0.1704545454545454,Stable,412.45,44.78,Moderate
143,C1138,Meera Sharma Labs,Starter,Active,84.28,10.0,16.666666666666668,8.333333333333334,5.0,5.0,0.2747252747252747,Stable,200.43333333333337,44.74,Moderate
144,C1197,Sanjay Menon Industries,Starter,Active,88.2,11.0,9.555555555555555,5.444444444444445,5.333333333333333,6.0,0.2489626556016597,Stable,272.84444444444443,44.56,Moderate
145,C1213,Nikita Verma Labs,Growth,Active,214.92,2.0,8.5,6.5,6.0,1.0,0.0584795321637426,Stable,217.65,44.43,Moderate
146,C1098,Myra Nair Systems,Business,Active,818.36,9.0,8.666666666666666,4.222222222222222,5.0,3.0,0.1234567901234567,Stable,284.4111111111111,44.12,Moderate
147,C1247,Karthik Sharma Technologies,Business,Active,738.52,7.0,10.4,6.4,4.6,5.0,0.2463054187192118,Stable,321.36,43.35,Moderate
148,C1155,Naveen Verma Technologies,Enterprise,Active,2098.6,6.0,6.0625,2.875,6.666666666666667,3.0,0.0964630225080385,Stable,270.1875,43.18,Moderate
149,C1014,Rahul Patel Industries,Starter,Active,68.6,6.0,6.166666666666667,3.6666666666666665,6.0,2.0,0.0921658986175115,Stable,279.0833333333333,43.11,Moderate
150,C1082,Aadhya Nair Systems,Growth,Active,294.52,7.0,13.142857142857142,5.857142857142857,4.333333333333333,6.0,0.2620087336244541,Stable,284.87142857142857,43.05,Moderate
151,C1021,Vivaan Singh Systems,Starter,Active,76.44,8.0,13.2,7.4,4.5,4.0,0.1123595505617977,Stable,246.51500000000001,42.95,Moderate
152,C1120,Pooja Rao Solutions,Growth,Active,310.44,8.0,7.571428571428571,4.428571428571429,5.0,2.0,0.0892857142857142,Stable,298.7714285714286,42.72,Moderate
153,C1079,Arun Rao Industries,Business,Active,778.44,8.0,12.166666666666666,7.166666666666667,7.2,5.0,0.2369668246445497,Stable,218.1,42.42,Moderate
154,C1282,Nikita Menon Solutions,Enterprise,Active,1978.68,5.0,11.0,7.0,5.0,5.0,0.2941176470588235,Stable,297.4,41.96,Moderate
155,C1035,Arjun Gupta Industries,Enterprise,Active,1978.68,5.0,9.0,5.105263157894737,5.571428571428571,7.0,0.2034883720930232,Stable,284.2421052631579,41.92,Moderate
156,C1222,Aarav Verma Labs,Business,Active,818.36,9.0,13.25,8.75,4.75,4.0,0.2040816326530612,Stable,253.325,41.67,Moderate
157,C1033,Arun Sharma Industries,Growth,Active,342.28,10.0,10.428571428571429,6.642857142857143,5.4,5.0,0.1718213058419244,Stable,266.45,41.49,Moderate
158,C1127,Divya Gupta Labs,Growth,Active,278.6,6.0,17.3,9.1,4.166666666666667,6.0,0.234375,Stable,241.11999999999998,41.19,Moderate
159,C1323,Pooja Verma Labs,Starter,Active,68.6,6.0,7.933333333333334,4.733333333333333,7.0,4.0,0.1328903654485049,Stable,258.97999999999996,41.07,Moderate
160,C1007,Sai Das Technologies,Business,Active,658.68,5.0,5.318181818181818,2.909090909090909,8.5,2.0,0.0536193029490616,Stable,262.67727272727274,41.03,Moderate
161,C1119,Deepak Verma Systems,Starter,Active,72.52,7.0,7.944444444444445,4.333333333333333,7.333333333333333,3.0,0.0906344410876132,Stable,248.10000000000002,41.01,Moderate
162,C1250,Sai Rao Industries,Enterprise,Active,1978.68,5.0,12.416666666666666,6.166666666666667,5.6,5.0,0.1824817518248175,Stable,253.6833333333333,40.96,Moderate
163,C1352,Aditya Patel Industries,Enterprise,Active,2578.28,10.0,9.5,6.0,6.0,4.0,0.15625,Stable,261.96999999999997,40.93,Moderate
164,C1280,Aman Patel Systems,Growth,Active,278.6,6.0,17.77777777777778,9.333333333333334,5.0,7.0,0.2811244979919678,Stable,222.34444444444443,40.91,Moderate
165,C1395,Deepak Patel Labs,Enterprise,Active,3177.88,15.0,12.0,7.5,5.6,5.0,0.2793296089385475,Stable,257.7,40.9,Moderate
166,C1318,Vihaan Sharma Labs,Starter,Active,64.68,5.0,8.125,4.375,6.0,2.0,0.0643086816720257,Stable,256.3,40.86,Moderate
167,C1124,Krishna Sharma Systems,Growth,Active,278.6,6.0,5.4,3.2,6.0,1.0,0.048076923076923,Stable,310.65999999999997,40.2,Moderate
168,C1103,Pooja Menon Group,Enterprise,Active,3057.96,14.0,11.38888888888889,7.055555555555555,5.0,2.0,0.0604229607250755,Stable,251.96666666666664,40.02,Moderate
169,C1052,Aadhya Reddy Labs,Growth,Active,390.04,13.0,11.5,7.375,5.25,4.0,0.1680672268907563,Stable,266.4875,39.98,Moderate
170,C1139,Arjun Menon Group,Starter,Active,68.6,6.0,11.72222222222222,6.0,5.0,4.0,0.1194029850746268,Stable,275.17777777777775,39.36,Moderate
171,C1003,Zoya Das Systems,Growth,Active,278.6,6.0,11.6875,7.3125,3.0,3.0,0.0946372239747634,Stable,295.8875,38.98,Moderate
172,C1357,Saanvi Menon Labs,Growth,Active,262.68,5.0,9.708333333333334,5.583333333333333,6.333333333333333,3.0,0.0761421319796954,Stable,248.15833333333333,38.8,Moderate
173,C1226,Ishaan Patel Industries,Growth,Active,246.76,4.0,7.95,4.7,9.0,1.0,0.0277777777777777,Stable,232.375,38.62,Moderate
174,C1248,Farhan Bose Solutions,Business,Active,738.52,7.0,13.11111111111111,8.666666666666666,5.5,2.0,0.0816326530612244,Stable,228.13333333333333,38.33,Moderate
175,C1374,Ananya Joshi Industries,Business,Active,778.44,8.0,14.0,6.846153846153846,6.333333333333333,3.0,0.1045296167247386,Stable,218.56153846153848,38.13,Moderate
176,C1260,Meera Iyer Technologies,Business,Active,818.36,7.0,10.052631578947368,5.315789473684211,6.0,4.0,0.1152737752161383,Stable,265.69473684210527,38.07,Moderate
177,C1123,Vihaan Joshi Solutions,Starter,Active,92.12,12.0,12.875,8.0,5.0,5.0,0.2100840336134453,Stable,280.725,37.66,Moderate
178,C1297,Naveen Sharma Technologies,Business,Active,698.6,6.0,15.5625,8.0625,5.6,5.0,0.1587301587301587,Stable,243.3,36.85,Moderate
179,C1371,Nikita Singh Technologies,Growth,Active,262.68,5.0,14.2,7.6,6.5,4.0,0.1298701298701298,Stable,226.94666666666666,36.75,Moderate
180,C1100,Priya Gupta Solutions,Enterprise,Active,2098.6,6.0,16.5,8.333333333333334,4.5,2.0,0.0943396226415094,Stable,246.26666666666665,36.68,Moderate
181,C1404,Rahul Nair Labs,Business,Active,778.44,8.0,9.7,6.2,6.25,4.0,0.1550387596899224,Stable,280.01,36.64,Moderate
182,C1368,Priya Singh Solutions,Starter,Active,52.92,2.0,14.75,7.75,7.333333333333333,3.0,0.1522842639593908,Stable,200.6,36.59,Moderate
183,C1249,Ananya Singh Solutions,Business,Active,698.6,6.0,13.666666666666666,7.047619047619048,5.5,4.0,0.108991825613079,Stable,251.14285714285714,36.49,Moderate
184,C1113,Riya Iyer Technologies,Enterprise,Active,2578.28,10.0,18.75,14.5,5.0,5.0,0.2551020408163265,Stable,224.575,36.37,Moderate
185,C1270,Farhan Menon Group,Growth,Active,294.52,7.0,16.285714285714285,9.857142857142858,4.333333333333333,3.0,0.1345291479820627,Stable,253.08571428571426,36.25,Moderate
186,C1147,Vivaan Khan Technologies,Growth,Active,262.68,5.0,12.357142857142858,6.071428571428571,4.5,2.0,0.0671140939597315,Stable,285.2142857142857,36.2,Moderate
187,C1369,Meera Reddy Industries,Enterprise,Active,2098.6,6.0,19.5,13.5,5.2,5.0,0.2923976608187134,Stable,193.3,35.95,Moderate
188,C1165,Arjun Das Solutions,Starter,Active,72.52,7.0,15.3,9.3,5.4,5.0,0.1945525291828793,Stable,251.84,35.77,Moderate
189,C1105,Riya Gupta Labs,Business,Active,698.6,6.0,9.083333333333334,5.0,6.5,2.0,0.0511508951406649,Stable,255.6291666666667,35.71,Moderate
190,C1111,Priya Khan Industries,Business,Active,658.68,5.0,13.857142857142858,8.142857142857142,5.166666666666667,6.0,0.2714932126696832,Stable,293.65714285714284,35.26,Moderate
191,C1338,Aadhya Singh Systems,Growth,Active,342.28,10.0,15.428571428571429,8.80952380952381,7.333333333333333,6.0,0.1648351648351648,Stable,191.6261904761905,35.24,Moderate
192,C1212,Sai Verma Solutions,Business,Active,538.92,2.0,9.736842105263158,5.578947368421052,7.5,4.0,0.1169590643274853,Stable,260.9263157894737,35.17,Moderate
193,C1416,Sneha Sharma Systems,Business,Active,658.68,5.0,17.083333333333332,8.625,3.75,4.0,0.100250626566416,Stable,255.1625,35.1,Moderate
194,C1296,Saanvi Khan Group,Business,Active,658.68,5.0,11.73913043478261,7.260869565217392,7.25,4.0,0.1036269430051813,Stable,240.5782608695652,35.06,Moderate
195,C1064,Riya Sharma Technologies,Starter,Active,68.6,6.0,8.8,3.9,8.0,1.0,0.0393700787401574,Stable,254.6,34.65,Moderate
196,C1309,Diya Gupta Labs,Starter,Active,80.36,9.0,7.956521739130435,4.652173913043479,7.333333333333333,3.0,0.0773195876288659,Stable,270.4086956521739,34.63,Moderate
197,C1327,Nikita Menon Group,Enterprise,Active,2098.6,6.0,11.708333333333334,7.5,5.4,5.0,0.1256281407035176,Stable,287.8125,34.57,Moderate
198,C1373,Naveen Patel Group,Starter,Active,60.76,4.0,16.1875,9.0625,5.0,1.0,0.0318471337579617,Stable,224.725,34.56,Moderate
199,C1361,Meera Khan Systems,Business,Active,658.68,5.0,19.0,7.0,5.0,1.0,0.0549450549450549,Stable,222.23333333333335,34.51,Moderate
200,C1145,Pooja Reddy Solutions,Starter,Active,68.6,6.0,14.227272727272728,7.681818181818182,5.0,5.0,0.1344086021505376,Stable,277.54090909090905,34.19,Moderate
201,C1009,Rohan Patel Technologies,Enterprise,Active,2098.6,6.0,12.22222222222222,6.444444444444445,5.75,4.0,0.1204819277108433,Stable,276.29999999999995,34.04,Moderate
202,C1354,Vivaan Reddy Group,Starter,Active,99.96,14.0,15.75,7.708333333333333,5.5,4.0,0.100502512562814,Stable,246.7458333333333,33.74,Moderate
203,C1126,Sneha Iyer Group,Starter,Active,96.04,13.0,13.2,8.733333333333333,5.25,4.0,0.1302931596091205,Stable,268.49333333333334,33.63,Moderate
204,C1206,Zoya Gupta Group,Business,Active,738.52,7.0,16.61904761904762,9.476190476190476,5.666666666666667,9.0,0.2493074792243767,Stable,249.80476190476193,33.61,Moderate
205,C1156,Diya Sharma Technologies,Enterprise,Active,2218.52,7.0,8.5,4.6,6.5,2.0,0.078125,Stable,297.44,33.6,Moderate
206,C1379,Pooja Rao Labs,Starter,Active,60.76,4.0,13.909090909090908,8.272727272727273,6.833333333333333,6.0,0.2247191011235955,Stable,251.1,33.59,Moderate
207,C1347,Deepak Khan Solutions,Starter,Active,72.52,7.0,18.571428571428573,9.571428571428571,0.0,0.0,0.0,Stable,234.08571428571426,33.53,Moderate
208,C1164,Saanvi Menon Systems,Starter,Active,80.36,9.0,17.0,9.266666666666667,4.666666666666667,3.0,0.0970873786407767,Stable,249.8,33.51,Moderate
209,C1096,Deepak Gupta Labs,Growth,Active,310.44,8.0,15.1,7.5,6.4,5.0,0.193050193050193,Stable,254.92,33.31,Moderate
210,C1214,Sneha Sharma Technologies,Growth,Active,405.96,14.0,15.5,9.5,6.166666666666667,6.0,0.3428571428571428,Stable,252.75,33.22,Moderate
211,C1093,Aarav Joshi Technologies,Business,Active,658.68,5.0,13.15,7.95,5.4,5.0,0.1420454545454545,Stable,284.40999999999997,33.12,Moderate
212,C1403,Sai Khan Labs,Growth,Active,278.6,6.0,16.2,11.6,6.75,4.0,0.1941747572815534,Stable,208.64000000000001,32.98,Moderate
213,C1346,Krishna Sharma Group,Growth,Active,326.36,9.0,18.666666666666668,15.0,6.0,6.0,0.3191489361702127,Stable,216.66666666666666,32.94,Moderate
214,C1286,Krishna Khan Solutions,Growth,Active,326.36,9.0,7.2,4.266666666666667,7.0,1.0,0.0331125827814569,Stable,298.0933333333333,32.6,Moderate
215,C1233,Deepak Patel Labs,Business,Active,578.84,3.0,13.4,6.6,7.333333333333333,6.0,0.2926829268292683,Stable,267.24,32.51,Moderate
216,C1024,Vivaan Verma Solutions,Growth,Active,246.76,4.0,15.666666666666666,7.333333333333333,5.5,2.0,0.1081081081081081,Stable,256.8,32.13,Moderate
217,C1231,Aditya Patel Group,Growth,Active,246.76,4.0,15.384615384615383,8.0,5.5,2.0,0.0694444444444444,Stable,250.23076923076923,31.78,Moderate
218,C1207,Sneha Gupta Technologies,Growth,Active,310.44,8.0,17.761904761904763,8.857142857142858,5.0,3.0,0.0821917808219178,Stable,246.96666666666667,31.46,Moderate
219,C1109,Kiara Verma Industries,Growth,Active,262.68,5.0,17.26086956521739,9.478260869565217,6.166666666666667,6.0,0.15625,Stable,237.0608695652174,31.06,Moderate
220,C1386,Naveen Singh Technologies,Starter,Active,72.52,7.0,15.958333333333334,8.416666666666666,5.333333333333333,6.0,0.1522842639593908,Stable,270.47499999999997,30.88,Moderate
221,C1262,Arun Joshi Group,Growth,Active,342.28,10.0,16.11111111111111,9.555555555555555,6.0,3.0,0.1209677419354838,Stable,244.79999999999998,30.54,Moderate
222,C1335,Karthik Rao Systems,Business,Active,778.44,8.0,21.823529411764707,13.235294117647058,4.75,4.0,0.1226993865030674,Stable,227.86470588235292,30.29,Moderate
223,C1142,Kavya Reddy Technologies,Growth,Active,326.36,9.0,12.272727272727272,6.863636363636363,6.75,4.0,0.1052631578947368,Stable,264.69545454545454,30.23,Moderate
224,C1171,Aditya Khan Industries,Growth,Active,294.52,8.0,19.285714285714285,9.642857142857142,0.0,0.0,0.0,Stable,244.57857142857142,30.23,Moderate
225,C1366,Kavya Verma Labs,Growth,Active,278.6,6.0,15.285714285714286,8.428571428571429,5.666666666666667,6.0,0.2620087336244541,Stable,307.4857142857143,30.16,Moderate
226,C1326,Naveen Sharma Labs,Starter,Active,76.44,8.0,17.045454545454547,9.090909090909092,4.0,1.0,0.0268096514745308,Stable,257.0772727272727,29.86,Low
227,C1341,Isha Singh Group,Enterprise,Active,2218.52,7.0,15.590909090909092,8.363636363636363,5.5,4.0,0.1055408970976253,Stable,263.82272727272726,29.51,Low
228,C1094,Isha Nair Solutions,Enterprise,Active,1858.76,4.0,17.136363636363637,9.363636363636363,5.0,2.0,0.0527704485488126,Stable,248.61363636363637,29.34,Low
229,C1006,Sanjay Reddy Labs,Enterprise,Active,1618.92,2.0,21.5,12.75,5.666666666666667,3.0,0.1538461538461538,Stable,194.55,29.27,Low
230,C1134,Tara Reddy Industries,Starter,Active,56.84,3.0,18.875,9.666666666666666,5.666666666666667,6.0,0.1534526854219949,Stable,246.2229166666667,29.26,Low
231,C1397,Divya Reddy Group,Business,Active,938.12,12.0,13.0,8.0,6.333333333333333,3.0,0.1829268292682927,Stable,317.7,29.05,Low
232,C1102,Deepak Iyer Solutions,Enterprise,Active,2218.52,7.0,14.954545454545457,8.227272727272727,6.5,2.0,0.0533333333333333,Stable,240.34545454545452,28.86,Low
233,C1203,Saanvi Reddy Industries,Business,Active,858.28,10.0,12.0,7.333333333333333,7.0,2.0,0.1092896174863388,Stable,273.6666666666667,28.81,Low
234,C1313,Krishna Joshi Solutions,Enterprise,Active,1978.68,5.0,16.57894736842105,9.263157894736842,6.0,9.0,0.2639296187683284,Stable,269.34736842105264,28.62,Low
235,C1384,Arjun Joshi Technologies,Enterprise,Active,2098.6,6.0,12.2,7.4,7.0,3.0,0.1485148514851485,Stable,291.04,28.61,Low
236,C1178,Isha Menon Solutions,Growth,Active,326.36,9.0,18.94736842105263,10.789473684210526,4.5,2.0,0.0586510263929618,Stable,250.7947368421053,27.9,Low
237,C1382,Sai Singh Systems,Starter,Active,68.6,6.0,14.25,10.25,8.0,1.0,0.0520833333333333,Stable,206.175,27.67,Low
238,C1400,Arjun Bose Solutions,Growth,Active,294.52,7.0,10.666666666666666,7.0,8.0,2.0,0.1081081081081081,Stable,297.3,27.49,Low
239,C1071,Arjun Patel Labs,Growth,Active,326.36,9.0,20.5,10.25,6.0,4.0,0.2030456852791878,Stable,242.325,27.21,Low
240,C1314,Isha Joshi Industries,Growth,Active,310.44,8.0,13.666666666666666,7.541666666666667,6.0,2.0,0.050125313283208,Stable,263.85833333333335,27.19,Low
241,C1204,Aman Reddy Systems,Enterprise,Active,2338.44,8.0,14.478260869565217,8.782608695652174,5.666666666666667,3.0,0.078125,Stable,270.2217391304348,26.82,Low
242,C1198,Ananya Sharma Labs,Enterprise,Active,2218.52,7.0,17.952380952380953,8.523809523809524,6.5,6.0,0.1657458563535911,Stable,255.61904761904762,26.8,Low
243,C1047,Rohan Das Technologies,Starter,Active,80.36,9.0,20.0,10.285714285714286,5.0,1.0,0.0434782608695652,Stable,233.7428571428571,26.61,Low
244,C1315,Arjun Das Solutions,Starter,Active,52.92,2.0,15.333333333333334,9.0,5.0,1.0,0.0462962962962962,Stable,275.48333333333335,26.6,Low
245,C1387,Arun Nair Solutions,Growth,Active,310.44,8.0,19.8,12.0,6.75,4.0,0.1574803149606299,Stable,221.35999999999999,26.4,Low
246,C1042,Meera Iyer Industries,Starter,Active,60.76,4.0,15.55,9.15,6.0,3.0,0.0840336134453781,Stable,260.56,26.22,Low
247,C1232,Rohan Bose Systems,Business,Active,738.52,7.0,12.0,7.0,7.0,2.0,0.1075268817204301,Stable,360.0333333333333,25.99,Low
248,C1419,Diya Nair Industries,Growth,Active,294.52,7.0,16.5,11.0,8.0,1.0,0.0584795321637426,Stable,186.45,25.9,Low
249,C1019,Deepak Nair Labs,Growth,Active,326.36,9.0,16.555555555555557,8.11111111111111,5.5,2.0,0.0829875518672199,Stable,274.70000000000005,25.88,Low
250,C1372,Isha Joshi Group,Growth,Active,294.52,7.0,22.5,11.333333333333334,5.666666666666667,3.0,0.1388888888888888,Stable,234.9,25.76,Low
251,C1264,Aarav Nair Solutions,Business,Active,698.6,6.0,20.0,9.666666666666666,6.4,5.0,0.228310502283105,Stable,249.16666666666666,25.7,Low
252,C1108,Saanvi Joshi Systems,Starter,Active,68.6,6.0,13.291666666666666,8.125,8.5,2.0,0.0505050505050505,Stable,248.1,25.62,Low
253,C1177,Isha Gupta Group,Starter,Active,72.52,7.0,17.5,11.142857142857142,5.2,5.0,0.1689189189189189,Stable,291.5285714285714,25.38,Low
254,C1292,Divya Sharma Technologies,Growth,Active,262.68,5.0,21.142857142857142,13.428571428571429,5.25,4.0,0.175438596491228,Stable,254.49285714285716,25.21,Low
255,C1110,Tara Sharma Solutions,Growth,Active,294.52,7.0,11.666666666666666,6.166666666666667,7.0,1.0,0.0473933649289099,Stable,300.6333333333333,24.91,Low
256,C1307,Rahul Reddy Technologies,Growth,Active,278.6,6.0,19.875,12.9375,6.5,4.0,0.125,Stable,224.73125,24.68,Low
257,C1144,Aditya Sharma Technologies,Enterprise,Active,2698.2,11.0,18.0,10.916666666666666,5.0,3.0,0.108695652173913,Stable,283.10833333333335,24.11,Low
258,C1051,Priya Gupta Labs,Growth,Active,262.68,5.0,18.4,10.4,7.2,5.0,0.238095238095238,Stable,257.26,23.75,Low
259,C1061,Isha Gupta Group,Growth,Active,310.44,8.0,14.0,8.31578947368421,6.5,2.0,0.0571428571428571,Stable,271.32631578947365,23.46,Low
260,C1201,Naveen Patel Labs,Enterprise,Active,1858.76,4.0,20.0,9.0,5.5,4.0,0.238095238095238,Stable,337.2,22.84,Low
261,C1324,Karthik Reddy Technologies,Enterprise,Active,2458.36,9.0,20.17391304347826,12.217391304347826,4.75,4.0,0.1033591731266149,Stable,266.83478260869566,22.71,Low
262,C1211,Krishna Iyer Solutions,Growth,Active,294.52,7.0,17.333333333333332,8.333333333333334,5.0,1.0,0.053763440860215,Stable,337.1333333333333,22.54,Low
263,C1407,Meera Gupta Labs,Business,Active,738.52,7.0,19.33333333333333,12.333333333333334,6.5,2.0,0.1092896174863388,Stable,237.63333333333333,22.41,Low
264,C1121,Ishaan Singh Group,Enterprise,Active,1858.76,4.0,17.19047619047619,9.19047619047619,6.0,3.0,0.0817438692098092,Stable,266.49523809523805,22.36,Low
265,C1008,Nikita Gupta Solutions,Business,Active,818.36,9.0,14.090909090909092,9.454545454545457,7.5,2.0,0.0760456273764258,Stable,262.02727272727276,22.3,Low
266,C1340,Zoya Joshi Technologies,Starter,Active,88.2,11.0,16.7,10.5,6.5,2.0,0.0772200772200772,Stable,254.41,22.16,Low
267,C1284,Zoya Das Group,Enterprise,Active,1978.68,5.0,23.0,16.0,4.333333333333333,3.0,0.1851851851851852,Stable,301.8,21.81,Low
268,C1060,Aarav Reddy Systems,Starter,Active,80.36,9.0,21.38888888888889,12.444444444444445,5.5,2.0,0.0591715976331361,Stable,243.0388888888889,21.29,Low
269,C1057,Reyansh Joshi Industries,Starter,Active,76.44,8.0,18.571428571428573,9.714285714285714,9.0,1.0,0.0336700336700336,Stable,219.79285714285714,21.09,Low
270,C1365,Diya Joshi Industries,Business,Active,778.44,8.0,20.142857142857142,11.571428571428571,1.0,1.0,0.045045045045045,Stable,285.8,21.05,Low
271,C1350,Deepak Gupta Labs,Enterprise,Active,1978.68,5.0,18.88888888888889,11.0,5.5,4.0,0.1204819277108433,Stable,285.0444444444445,20.79,Low
272,C1188,Tara Rao Industries,Business,Active,778.44,8.0,21.61111111111111,13.61111111111111,5.0,4.0,0.1197604790419161,Stable,268.70000000000005,20.62,Low
273,C1069,Aadhya Joshi Systems,Starter,Active,80.36,9.0,15.411764705882351,8.294117647058824,7.5,2.0,0.0613496932515337,Stable,267.58235294117645,20.47,Low
274,C1191,Sai Patel Industries,Starter,Active,68.6,6.0,18.923076923076923,10.076923076923077,6.5,2.0,0.0711743772241992,Stable,249.33846153846156,20.43,Low
275,C1237,Arun Rao Systems,Growth,Active,358.2,11.0,24.5,11.5,7.333333333333333,3.0,0.1401869158878504,Stable,234.65,20.21,Low
276,C1332,Diya Singh Labs,Business,Active,618.76,4.0,23.5,9.5,3.0,1.0,0.0564971751412429,Stable,322.54999999999995,19.73,Low
277,C1243,Aditya Patel Solutions,Starter,Active,64.68,5.0,19.0,11.23076923076923,5.0,2.0,0.0689655172413793,Stable,288.2307692307692,19.71,Low
278,C1266,Arun Nair Systems,Growth,Active,342.28,10.0,17.5,9.77777777777778,7.0,3.0,0.088235294117647,Stable,260.7388888888889,19.45,Low
279,C1114,Aadhya Das Industries,Starter,Active,80.36,9.0,21.5,13.5,4.5,2.0,0.1162790697674418,Stable,355.95,19.22,Low
280,C1128,Sneha Rao Industries,Starter,Active,88.2,11.0,20.3125,11.6875,6.5,2.0,0.0643086816720257,Stable,241.3875,18.76,Low
281,C1130,Nikita Iyer Technologies,Starter,Active,80.36,9.0,18.1,10.8,8.333333333333334,3.0,0.119047619047619,Stable,261.88,18.13,Low
282,C1234,Farhan Singh Industries,Starter,Active,68.6,6.0,21.85,12.7,6.0,4.0,0.1123595505617977,Stable,258.7,17.54,Low
283,C1344,Naveen Verma Technologies,Growth,Active,262.68,5.0,19.235294117647054,10.588235294117649,8.0,2.0,0.0623052959501557,Stable,244.58235294117645,17.48,Low
284,C1059,Myra Verma Labs,Business,Active,658.68,5.0,18.83333333333333,11.833333333333334,6.5,2.0,0.0925925925925925,Stable,264.55,17.35,Low
285,C1246,Aditya Sharma Group,Business,Active,618.76,4.0,19.272727272727277,13.636363636363637,7.5,2.0,0.075187969924812,Stable,240.9909090909091,17.27,Low
286,C1187,Pooja Gupta Group,Business,Active,578.84,3.0,20.9,12.2,5.0,2.0,0.0787401574803149,Stable,297.59000000000003,17.06,Low
287,C1030,Rohan Bose Solutions,Enterprise,Active,2458.36,9.0,18.857142857142858,11.0,6.0,2.0,0.0550964187327823,Stable,270.2857142857143,16.56,Low
288,C1300,Krishna Sharma Solutions,Growth,Active,278.6,6.0,20.0,12.052631578947368,6.666666666666667,3.0,0.0869565217391304,Stable,256.1157894736842,16.1,Low
289,C1002,Tara Sharma Technologies,Growth,Active,246.76,4.0,19.727272727272727,12.181818181818182,7.0,4.0,0.1520912547528517,Stable,274.6454545454545,15.93,Low
290,C1268,Deepak Patel Industries,Starter,Active,80.36,9.0,14.588235294117649,8.529411764705882,9.0,1.0,0.0308641975308642,Stable,294.8294117647059,15.79,Low
291,C1291,Diya Rao Systems,Starter,Active,60.76,4.0,19.0,16.0,7.75,4.0,0.2352941176470588,Stable,279.85,15.71,Low
292,C1376,Vivaan Khan Systems,Growth,Active,310.44,8.0,20.526315789473685,12.842105263157896,7.0,1.0,0.0293255131964809,Stable,235.3842105263158,15.55,Low
293,C1393,Sneha Bose Technologies,Growth,Active,278.6,6.0,22.33333333333333,12.2,6.333333333333333,3.0,0.0970873786407767,Stable,259.84666666666664,15.48,Low
294,C1168,Aditya Joshi Solutions,Starter,Active,56.84,3.0,21.2,10.933333333333334,6.5,2.0,0.0664451827242524,Stable,263.61333333333334,14.2,Low
295,C1288,Kiara Das Labs,Enterprise,Active,1618.92,2.0,16.25,9.25,9.0,1.0,0.0507614213197969,Stable,310.475,13.05,Low
296,C1223,Vihaan Joshi Industries,Growth,Active,278.6,6.0,19.8,12.2,7.5,2.0,0.0961538461538461,Stable,266.93999999999994,12.88,Low
297,C1290,Riya Singh Systems,Enterprise,Active,2578.28,10.0,21.45,13.15,7.25,4.0,0.111731843575419,Stable,265.625,12.8,Low
298,C1271,Myra Gupta Industries,Growth,Active,294.52,7.0,18.0,14.0,6.0,1.0,0.059880239520958,Stable,424.2,12.77,Low
299,C1259,Priya Reddy Systems,Business,Active,778.44,8.0,21.666666666666668,15.333333333333334,6.0,1.0,0.0555555555555555,Stable,281.93333333333334,10.17,Low
300,C1345,Rahul Gupta Group,Enterprise,Active,2098.6,5.0,23.63636363636364,11.727272727272728,7.5,2.0,0.0743494423791821,Stable,264.60909090909087,9.83,Low
