,TotalMRR,TotalSeats,TotalLogins,TotalActiveUsers,TotalAPICalls,TotalSessionMinutes,TicketCount,AvgResolutionHours,AvgSatisfactionScore,TenureMonths
TotalMRR,1.0,0.13442982240614734,0.03800648822729268,0.04673620853793384,-0.05966947067408341,-0.0036672240162469467,0.05640652411662466,0.03242039510171357,-0.0020040935044376854,-0.02934911617650217
TotalSeats,0.13442982240614734,1.0,-0.02703815743770963,-0.024059080692494055,-0.003165892524731009,-0.026021914412579276,0.0034966567642317624,0.09186767119636763,-0.03368087147894992,-0.0119596103974012
TotalLogins,0.03800648822729268,-0.02703815743770963,1.0,0.9919990239332335,0.6937642810806433,0.7458766555827011,0.08401250405674146,-0.044952581244104055,0.08735270250269139,0.6351906217810303
TotalActiveUsers,0.04673620853793384,-0.024059080692494055,0.9919990239332335,1.0,0.6751333375922363,0.7220654697425525,0.08112074563515723,-0.04063146137197167,0.1023100336659647,0.6086343492137422
TotalAPICalls,-0.05966947067408341,-0.003165892524731009,0.6937642810806433,0.6751333375922363,1.0,0.8976788250920545,0.10666930701571833,-0.008613437673608958,0.011684894493673242,0.7629773791739423
TotalSessionMinutes,-0.0036672240162469467,-0.026021914412579276,0.7458766555827011,0.7220654697425525,0.8976788250920545,1.0,0.0629477156727222,-0.025818494422713462,0.017586067188928772,0.8293955631553859
TicketCount,0.05640652411662466,0.0034966567642317624,0.08401250405674146,0.08112074563515723,0.10666930701571833,0.0629477156727222,1.0,0.1359582840308011,0.18750776240193318,0.07083607757344569
AvgResolutionHours,0.03242039510171357,0.09186767119636763,-0.044952581244104055,-0.04063146137197167,-0.008613437673608958,-0.025818494422713462,0.1359582840308011,1.0,-0.12951862596434488,-0.037703901229222625
AvgSatisfactionScore,-0.0020040935044376854,-0.03368087147894992,0.08735270250269139,0.1023100336659647,0.011684894493673242,0.017586067188928772,0.18750776240193318,-0.12951862596434488,1.0,0.02454311851578249
TenureMonths,-0.02934911617650217,-0.0119596103974012,0.6351906217810303,0.6086343492137422,0.7629773791739423,0.8293955631553859,0.07083607757344569,-0.037703901229222625,0.02454311851578249,1.0
