CustomerID,TotalMRR,SubscriptionCount,AnyChurned,TotalLogins,TotalActiveUsers,TotalAPICalls,AtRiskFlag
C1001,278.6,1,True,148.0,72.0,10276.0,At Risk
C1002,246.76,1,False,217.0,134.0,15512.0,Not At Risk
C1003,278.6,1,False,187.0,117.0,19771.0,Not At Risk
C1004,80.36,1,False,82.0,42.0,14012.0,At Risk
C1005,618.76,1,True,133.0,61.0,13232.0,At Risk
C1006,1618.92,1,False,86.0,51.0,8815.0,Not At Risk
C1007,658.68,1,False,117.0,64.0,25511.0,Not At Risk
C1008,818.36,1,False,155.0,104.0,23906.0,Not At Risk
C1009,2098.6,1,False,220.0,116.0,10535.0,Not At Risk
C1010,278.6,1,True,81.0,33.0,4316.0,At Risk
C1011,262.68,1,False,96.0,48.0,22182.0,Not At Risk
C1012,1978.68,1,True,14.0,7.0,6827.0,At Risk
C1013,1931.28,2,True,0.0,0.0,71.0,At Risk
C1014,68.6,1,False,37.0,22.0,9530.0,At Risk
C1015,246.76,1,False,61.0,34.0,15818.0,At Risk
C1016,978.04,1,True,38.0,15.0,6672.0,At Risk
C1017,60.76,1,False,24.0,13.0,2822.0,At Risk
C1018,2098.6,1,False,87.0,53.0,7947.0,Not At Risk
C1019,326.36,1,False,149.0,73.0,8711.0,Not At Risk
C1020,68.6,1,True,55.0,33.0,4663.0,At Risk
C1021,76.44,1,False,264.0,148.0,22493.0,Not At Risk
C1022,64.68,1,False,44.0,17.0,22354.0,At Risk
C1023,778.44,1,False,14.0,4.0,7528.0,At Risk
C1024,246.76,1,False,47.0,22.0,1144.0,At Risk
C1025,262.68,1,False,70.0,34.0,33541.0,At Risk
C1026,698.6,1,True,62.0,35.0,6120.0,At Risk
C1027,778.44,1,True,18.0,10.0,2758.0,At Risk
C1028,294.52,1,True,206.0,123.0,14811.0,At Risk
C1029,698.6,1,False,81.0,35.0,14593.0,At Risk
C1030,2458.36,1,False,396.0,231.0,16297.0,Not At Risk
C1031,294.52,1,False,0.0,0.0,0.0,At Risk
C1032,60.76,1,False,0.0,0.0,0.0,At Risk
C1033,342.28,1,False,146.0,93.0,18744.0,Not At Risk
C1034,2578.28,1,False,0.0,0.0,0.0,At Risk
C1035,1978.68,1,False,171.0,97.0,28076.0,Not At Risk
C1036,80.36,1,False,168.0,102.0,31827.0,Not At Risk
C1037,1978.68,1,True,42.0,23.0,6623.0,At Risk
C1038,246.76,1,True,71.0,38.0,9156.0,At Risk
C1039,76.44,1,False,83.0,42.0,27844.0,Not At Risk
C1040,326.36,1,False,92.0,50.0,17865.0,Not At Risk
C1041,437.8,1,False,111.0,56.0,17426.0,Not At Risk
C1042,60.76,1,False,311.0,183.0,33162.0,Not At Risk
C1043,698.6,1,True,173.0,99.0,13399.0,At Risk
C1044,246.76,1,True,78.0,41.0,4675.0,At Risk
C1045,2578.28,1,False,61.0,30.0,14787.0,At Risk
C1046,2098.6,1,True,35.0,10.0,12343.0,At Risk
C1047,80.36,1,False,140.0,72.0,7995.0,Not At Risk
C1048,658.68,1,False,62.0,29.0,28335.0,At Risk
C1049,4676.88,2,True,32.0,18.0,5258.0,At Risk
C1050,1825.3600000000001,2,True,101.0,51.0,7638.0,At Risk
C1051,262.68,1,False,92.0,52.0,4768.0,Not At Risk
C1052,390.04,1,False,92.0,59.0,10723.0,Not At Risk
C1053,310.44,1,True,84.0,43.0,8093.0,At Risk
C1054,818.36,1,False,14.0,9.0,4910.0,At Risk
C1055,68.6,1,True,134.0,64.0,20493.0,At Risk
C1056,658.68,1,False,14.0,6.0,14097.0,At Risk
C1057,76.44,1,False,260.0,136.0,14388.0,Not At Risk
C1058,64.68,1,True,45.0,23.0,4003.0,At Risk
C1059,658.68,1,False,113.0,71.0,4999.0,Not At Risk
C1060,80.36,1,False,385.0,224.0,31791.0,Not At Risk
C1061,310.44,1,False,266.0,158.0,16514.0,Not At Risk
C1062,358.2,1,True,6.0,2.0,2946.0,At Risk
C1063,56.84,1,True,52.0,25.0,12377.0,At Risk
C1064,68.6,1,False,88.0,39.0,16026.0,Not At Risk
C1065,898.2,1,False,90.0,47.0,19830.0,Not At Risk
C1066,88.2,1,False,32.0,16.0,8966.0,At Risk
C1067,326.36,1,False,139.0,83.0,23539.0,Not At Risk
C1068,262.68,1,False,5.0,1.0,1291.0,At Risk
C1069,80.36,1,False,262.0,141.0,17132.0,Not At Risk
C1070,64.68,1,False,0.0,0.0,0.0,At Risk
C1071,326.36,1,False,82.0,41.0,7361.0,At Risk
C1072,278.6,1,False,368.0,211.0,45924.0,Not At Risk
C1073,84.28,1,False,150.0,86.0,29996.0,Not At Risk
C1074,294.52,1,False,22.0,12.0,3339.0,At Risk
C1075,738.52,1,False,39.0,20.0,12737.0,At Risk
C1076,2542.6400000000003,2,True,97.0,46.0,3740.0,At Risk
C1077,80.36,1,False,64.0,35.0,21829.0,At Risk
C1078,76.44,1,False,32.0,13.0,12136.0,At Risk
C1079,778.44,1,False,73.0,43.0,8715.0,At Risk
C1080,310.44,1,False,29.0,14.0,11010.0,At Risk
C1081,64.68,1,False,21.0,8.0,6779.0,At Risk
C1082,294.52,1,False,92.0,41.0,8629.0,Not At Risk
C1083,80.36,1,False,63.0,31.0,21976.0,At Risk
C1084,294.52,1,False,0.0,0.0,0.0,At Risk
C1085,618.76,1,True,109.0,60.0,5745.0,At Risk
C1086,818.36,1,False,46.0,21.0,24023.0,At Risk
C1087,60.76,1,False,10.0,6.0,4931.0,At Risk
C1088,310.44,1,False,65.0,31.0,25835.0,At Risk
C1089,72.52,1,False,22.0,9.0,9825.0,At Risk
C1090,326.36,1,True,9.0,4.0,2140.0,At Risk
C1091,618.76,1,False,13.0,6.0,1649.0,At Risk
C1092,68.6,1,False,7.0,2.0,3097.0,At Risk
C1093,658.68,1,False,263.0,159.0,32589.0,Not At Risk
C1094,1858.76,1,False,377.0,206.0,34990.0,Not At Risk
C1095,72.52,1,False,170.0,92.0,25465.0,Not At Risk
C1096,310.44,1,False,151.0,75.0,14710.0,Not At Risk
C1097,68.6,1,True,4.0,2.0,142.0,At Risk
C1098,818.36,1,False,78.0,38.0,10967.0,At Risk
C1099,88.2,1,True,69.0,33.0,9438.0,At Risk
C1100,2098.6,1,False,99.0,50.0,4439.0,Not At Risk
C1101,294.52,1,False,166.0,86.0,20407.0,Not At Risk
C1102,2218.52,1,False,329.0,181.0,27520.0,Not At Risk
C1103,3057.96,1,False,205.0,127.0,19629.0,Not At Risk
C1104,72.52,1,False,14.0,6.0,3179.0,At Risk
C1105,698.6,1,False,218.0,120.0,40850.0,Not At Risk
C1106,199.0,1,False,19.0,11.0,5248.0,At Risk
C1107,64.68,1,True,131.0,68.0,9557.0,At Risk
C1108,68.6,1,False,319.0,195.0,14818.0,Not At Risk
C1109,262.68,1,False,397.0,218.0,22170.0,Not At Risk
C1110,294.52,1,False,70.0,37.0,7955.0,At Risk
C1111,658.68,1,False,97.0,57.0,13354.0,Not At Risk
C1112,72.52,1,True,197.0,115.0,12639.0,At Risk
C1113,2578.28,1,False,75.0,58.0,5941.0,Not At Risk
C1114,80.36,1,False,43.0,27.0,7252.0,At Risk
C1115,88.2,1,True,32.0,11.0,4271.0,At Risk
C1116,80.36,1,False,3.0,2.0,1626.0,At Risk
C1117,738.52,1,True,21.0,15.0,1511.0,At Risk
C1118,278.6,1,False,25.0,9.0,2732.0,At Risk
C1119,72.52,1,False,143.0,78.0,31571.0,Not At Risk
C1120,310.44,1,False,53.0,31.0,6893.0,At Risk
C1121,1858.76,1,False,361.0,193.0,16589.0,Not At Risk
C1122,310.44,1,True,51.0,26.0,11495.0,At Risk
C1123,92.12,1,False,103.0,64.0,8648.0,Not At Risk
C1124,278.6,1,False,27.0,16.0,5295.0,At Risk
C1125,88.2,1,True,171.0,97.0,12809.0,At Risk
C1126,96.04,1,False,198.0,131.0,18920.0,Not At Risk
C1127,278.6,1,False,173.0,91.0,17903.0,Not At Risk
C1128,88.2,1,False,325.0,187.0,29390.0,Not At Risk
C1129,858.28,1,True,57.0,32.0,3842.0,At Risk
C1130,80.36,1,False,181.0,108.0,18465.0,Not At Risk
C1131,525.36,2,True,129.0,65.0,23099.0,At Risk
C1132,775.04,2,True,37.0,14.0,9322.0,At Risk
C1133,80.36,1,False,0.0,0.0,0.0,At Risk
C1134,56.84,1,False,453.0,232.0,31979.0,Not At Risk
C1135,246.76,1,False,159.0,95.0,18102.0,Not At Risk
C1136,294.52,1,False,47.0,25.0,12966.0,At Risk
C1137,342.28,1,True,110.0,62.0,8261.0,At Risk
C1138,84.28,1,False,50.0,25.0,3912.0,At Risk
C1139,68.6,1,False,211.0,108.0,33461.0,Not At Risk
C1140,278.6,1,True,36.0,15.0,1991.0,At Risk
C1141,278.6,1,False,136.0,71.0,28450.0,Not At Risk
C1142,326.36,1,False,270.0,151.0,27711.0,Not At Risk
C1143,88.2,1,True,98.0,52.0,10005.0,At Risk
C1144,2698.2,1,False,216.0,131.0,22209.0,Not At Risk
C1145,68.6,1,False,313.0,169.0,23925.0,Not At Risk
C1146,294.52,1,False,132.0,68.0,24680.0,Not At Risk
C1147,262.68,1,False,173.0,85.0,13087.0,Not At Risk
C1148,778.44,1,False,18.0,7.0,3392.0,At Risk
C1149,1978.68,1,False,71.0,39.0,23494.0,At Risk
C1150,578.84,1,True,0.0,0.0,0.0,At Risk
C1151,778.44,1,True,132.0,77.0,10874.0,At Risk
C1152,294.52,1,True,19.0,7.0,4282.0,At Risk
C1153,618.76,1,False,30.0,11.0,7219.0,At Risk
C1154,723.3599999999999,2,True,8.0,4.0,3649.0,At Risk
C1155,2098.6,1,False,97.0,46.0,21903.0,Not At Risk
C1156,2218.52,1,False,85.0,46.0,12133.0,Not At Risk
C1157,230.84,1,False,76.0,39.0,15644.0,At Risk
C1158,84.28,1,False,201.0,96.0,21070.0,Not At Risk
C1159,80.36,1,False,50.0,26.0,5396.0,At Risk
C1160,68.6,1,False,10.0,4.0,597.0,At Risk
C1161,246.76,1,False,22.0,9.0,21178.0,At Risk
C1162,2098.6,1,True,26.0,14.0,1159.0,At Risk
C1163,278.6,1,False,89.0,45.0,24521.0,Not At Risk
C1164,80.36,1,False,255.0,139.0,27508.0,Not At Risk
C1165,72.52,1,False,153.0,93.0,13464.0,Not At Risk
C1166,2338.44,1,False,31.0,21.0,7565.0,At Risk
C1167,278.6,1,False,66.0,26.0,26818.0,At Risk
C1168,56.84,1,False,318.0,164.0,12269.0,Not At Risk
C1169,658.68,1,False,16.0,7.0,8651.0,At Risk
C1170,76.44,1,True,74.0,46.0,5555.0,At Risk
C1171,294.52,1,False,270.0,135.0,20380.0,Not At Risk
C1172,818.36,1,True,23.0,10.0,2296.0,At Risk
C1173,76.44,1,True,35.0,20.0,6443.0,At Risk
C1174,230.84,1,False,63.0,28.0,7341.0,At Risk
C1175,56.84,1,False,103.0,47.0,22317.0,Not At Risk
C1176,72.52,1,True,60.0,29.0,1509.0,At Risk
C1177,72.52,1,False,245.0,156.0,17908.0,Not At Risk
C1178,326.36,1,False,360.0,205.0,24438.0,Not At Risk
C1179,60.76,1,True,30.0,14.0,5745.0,At Risk
C1180,68.6,1,True,142.0,94.0,8996.0,At Risk
C1181,230.84,1,True,65.0,34.0,2741.0,At Risk
C1182,1978.68,1,True,37.0,14.0,14175.0,At Risk
C1183,402.8,2,True,52.0,26.0,10636.0,At Risk
C1184,818.36,1,False,192.0,99.0,21884.0,Not At Risk
C1185,294.52,1,True,53.0,27.0,6286.0,At Risk
C1186,738.52,1,False,104.0,58.0,22089.0,Not At Risk
C1187,578.84,1,False,209.0,122.0,18117.0,Not At Risk
C1188,778.44,1,False,389.0,245.0,35150.0,Not At Risk
C1189,310.44,1,True,19.0,9.0,8596.0,At Risk
C1190,342.28,1,False,53.0,18.0,24468.0,At Risk
C1191,68.6,1,False,246.0,131.0,13042.0,Not At Risk
C1192,84.28,1,False,62.0,32.0,22798.0,At Risk
C1193,278.6,1,False,18.0,10.0,5062.0,At Risk
C1194,3957.3599999999997,2,True,105.0,62.0,7975.0,At Risk
C1195,2578.28,1,False,224.0,120.0,20385.0,Not At Risk
C1196,99.96,1,True,6.0,2.0,3590.0,At Risk
C1197,88.2,1,False,86.0,49.0,19714.0,Not At Risk
C1198,2218.52,1,False,377.0,179.0,28182.0,Not At Risk
C1199,278.6,1,False,12.0,5.0,7005.0,At Risk
C1200,60.76,1,False,21.0,7.0,927.0,At Risk
C1201,1858.76,1,False,20.0,9.0,185.0,At Risk
C1202,1112.88,2,True,18.0,6.0,1956.0,At Risk
C1203,858.28,1,False,36.0,22.0,8114.0,At Risk
C1204,2338.44,1,False,333.0,202.0,23455.0,Not At Risk
C1205,778.44,1,True,87.0,47.0,9564.0,At Risk
C1206,738.52,1,False,349.0,199.0,30924.0,Not At Risk
C1207,310.44,1,False,373.0,186.0,29308.0,Not At Risk
C1208,60.76,1,True,21.0,7.0,10291.0,At Risk
C1209,658.68,1,True,30.0,15.0,6854.0,At Risk
C1210,56.84,1,True,36.0,18.0,5247.0,At Risk
C1211,294.52,1,False,52.0,25.0,3102.0,At Risk
C1212,538.92,1,False,185.0,106.0,21498.0,Not At Risk
C1213,214.92,1,False,17.0,13.0,826.0,At Risk
C1214,405.96,1,False,31.0,19.0,4733.0,At Risk
C1215,60.76,1,False,18.0,6.0,4925.0,At Risk
C1216,76.44,1,False,93.0,48.0,20645.0,Not At Risk
C1217,1858.76,1,True,159.0,95.0,10986.0,At Risk
C1218,84.28,1,False,0.0,0.0,0.0,At Risk
C1219,160.72,2,True,147.0,78.0,24237.0,At Risk
C1220,658.68,1,False,261.0,149.0,32557.0,Not At Risk
C1221,80.36,1,True,108.0,56.0,15668.0,At Risk
C1222,818.36,1,False,53.0,35.0,2364.0,At Risk
C1223,278.6,1,False,99.0,61.0,5520.0,Not At Risk
C1224,898.2,1,False,44.0,21.0,11157.0,At Risk
C1225,129.36,2,True,171.0,104.0,23197.0,At Risk
C1226,246.76,1,False,159.0,94.0,31828.0,Not At Risk
C1227,698.6,1,True,32.0,20.0,5699.0,At Risk
C1228,230.84,1,True,16.0,5.0,6394.0,At Risk
C1229,72.52,1,False,82.0,49.0,18424.0,Not At Risk
C1230,1009.04,2,True,87.0,44.0,15356.0,At Risk
C1231,246.76,1,False,200.0,104.0,10884.0,Not At Risk
C1232,738.52,1,False,36.0,21.0,4919.0,At Risk
C1233,578.84,1,False,67.0,33.0,3449.0,At Risk
C1234,68.6,1,False,437.0,254.0,31970.0,Not At Risk
C1235,68.6,1,False,23.0,9.0,6153.0,At Risk
C1236,72.52,1,True,33.0,21.0,1702.0,At Risk
C1237,358.2,1,False,147.0,69.0,4833.0,Not At Risk
C1238,88.2,1,True,138.0,74.0,15363.0,At Risk
C1239,1738.84,1,True,39.0,16.0,3607.0,At Risk
C1240,64.68,1,False,0.0,0.0,0.0,At Risk
C1241,2098.6,1,True,201.0,118.0,19031.0,At Risk
C1242,2648.88,2,True,7.0,3.0,2842.0,At Risk
C1243,64.68,1,False,247.0,146.0,5532.0,Not At Risk
C1244,72.52,1,False,10.0,6.0,3173.0,At Risk
C1245,84.28,1,False,8.0,6.0,515.0,At Risk
C1246,618.76,1,False,212.0,150.0,14175.0,Not At Risk
C1247,738.52,1,False,52.0,32.0,6475.0,At Risk
C1248,738.52,1,False,118.0,78.0,4751.0,Not At Risk
C1249,698.6,1,False,287.0,148.0,28405.0,Not At Risk
C1250,1978.68,1,False,149.0,74.0,15122.0,Not At Risk
C1251,818.36,1,False,173.0,102.0,21096.0,Not At Risk
C1252,2098.6,1,True,125.0,56.0,11778.0,At Risk
C1253,156.8,2,True,42.0,21.0,5143.0,At Risk
C1254,310.44,1,False,164.0,89.0,25481.0,Not At Risk
C1255,310.44,1,True,3.0,0.0,1816.0,At Risk
C1256,1978.68,1,False,102.0,53.0,12317.0,Not At Risk
C1257,1858.76,1,True,30.0,12.0,2143.0,At Risk
C1258,658.68,1,True,12.0,3.0,5646.0,At Risk
C1259,778.44,1,False,65.0,46.0,2354.0,Not At Risk
C1260,818.36,1,False,191.0,101.0,27285.0,Not At Risk
C1261,1978.68,1,True,57.0,31.0,8191.0,At Risk
C1262,342.28,1,False,145.0,86.0,6602.0,Not At Risk
C1263,2338.44,1,False,0.0,0.0,0.0,At Risk
C1264,698.6,1,False,120.0,58.0,5937.0,Not At Risk
C1265,294.52,1,False,63.0,31.0,12507.0,At Risk
C1266,342.28,1,False,315.0,176.0,20437.0,Not At Risk
C1267,2098.6,1,True,39.0,22.0,3648.0,At Risk
C1268,80.36,1,False,248.0,145.0,15619.0,Not At Risk
C1269,294.52,1,True,84.0,44.0,8242.0,At Risk
C1270,294.52,1,False,114.0,69.0,7061.0,Not At Risk
C1271,294.52,1,False,18.0,14.0,5502.0,At Risk
C1272,2218.52,1,False,38.0,15.0,10902.0,At Risk
C1273,818.36,1,False,175.0,83.0,33715.0,Not At Risk
C1274,342.28,1,True,31.0,9.0,1180.0,At Risk
C1275,1499.0,1,True,139.0,91.0,11043.0,At Risk
C1276,246.76,1,True,55.0,31.0,4277.0,At Risk
C1277,278.6,1,True,89.0,41.0,16519.0,At Risk
C1278,72.52,1,True,30.0,11.5,7009.0,At Risk
C1279,80.36,1,True,29.0,12.0,3445.0,At Risk
C1280,278.6,1,False,160.0,84.0,11578.0,Not At Risk
C1281,2098.6,1,True,17.0,4.0,6342.0,At Risk
C1282,1978.68,1,False,11.0,7.0,333.0,At Risk
C1283,84.28,1,False,109.0,48.0,33201.0,Not At Risk
C1284,1978.68,1,False,23.0,16.0,567.0,At Risk
C1285,778.44,1,False,44.0,13.0,25716.0,At Risk
C1286,326.36,1,False,108.0,64.0,15708.0,Not At Risk
C1287,230.84,1,True,35.0,9.0,9304.0,At Risk
C1288,1618.92,1,False,65.0,37.0,4303.0,At Risk
C1289,262.68,1,False,99.0,53.0,18126.0,Not At Risk
C1290,2578.28,1,False,429.0,263.0,19734.0,Not At Risk
C1291,60.76,1,False,38.0,32.0,1083.0,At Risk
C1292,262.68,1,False,148.0,94.0,7588.0,Not At Risk
C1293,278.6,1,False,26.0,12.0,7099.0,At Risk
C1294,358.2,1,True,54.0,32.0,5014.0,At Risk
C1295,278.6,1,False,34.0,19.0,10257.0,At Risk
C1296,658.68,1,False,270.0,167.0,35849.0,Not At Risk
C1297,698.6,1,False,249.0,129.0,21600.0,Not At Risk
C1298,56.84,1,False,86.0,50.0,33580.0,Not At Risk
C1299,374.12,1,False,90.0,39.0,15257.0,Not At Risk
C1300,278.6,1,False,380.0,229.0,34583.0,Not At Risk
C1301,230.84,1,True,11.0,2.0,6813.0,At Risk
C1302,778.44,1,True,77.0,50.0,8309.0,At Risk
C1303,72.52,1,False,114.0,56.0,25160.0,Not At Risk
C1304,64.68,1,False,67.0,40.0,19245.0,At Risk
C1305,262.68,1,True,3.0,1.0,1195.0,At Risk
C1306,72.52,1,False,58.0,25.0,1996.0,At Risk
C1307,278.6,1,False,318.0,207.0,23183.0,Not At Risk
C1308,2458.36,1,False,20.0,9.0,8021.0,At Risk
C1309,80.36,1,False,183.0,107.0,29738.0,Not At Risk
C1310,778.44,1,False,45.0,20.0,13369.0,At Risk
C1311,64.68,1,True,9.0,3.0,3374.0,At Risk
C1312,326.36,1,False,61.0,27.0,15900.0,At Risk
C1313,1978.68,1,False,315.0,176.0,17519.0,Not At Risk
C1314,310.44,1,False,328.0,181.0,27367.0,Not At Risk
C1315,52.92,1,False,92.0,54.0,7901.0,Not At Risk
C1316,342.28,1,False,56.0,24.0,23575.0,At Risk
C1317,326.36,1,False,29.0,15.0,6862.0,At Risk
C1318,64.68,1,False,130.0,70.0,15540.0,Not At Risk
C1319,278.6,1,False,59.0,32.0,7850.0,At Risk
C1320,326.36,1,True,108.0,63.0,8942.0,At Risk
C1321,68.6,1,False,58.0,34.0,6043.0,At Risk
C1322,294.52,1,False,187.0,103.0,14926.0,Not At Risk
C1323,68.6,1,False,119.0,71.0,25779.0,Not At Risk
C1324,2458.36,1,False,464.0,281.0,27156.0,Not At Risk
C1325,2338.44,1,False,91.0,48.0,20107.0,Not At Risk
C1326,76.44,1,False,375.0,200.0,28413.0,Not At Risk
C1327,2098.6,1,False,281.0,180.0,35133.0,Not At Risk
C1328,342.28,1,True,115.0,72.0,6444.0,At Risk
C1329,76.44,1,False,23.0,8.0,12493.0,At Risk
C1330,538.92,1,False,61.0,25.0,21236.0,At Risk
C1331,310.44,1,True,162.0,87.0,11401.0,At Risk
C1332,618.76,1,False,47.0,19.0,3926.0,At Risk
C1333,278.6,1,True,156.0,89.0,10453.0,At Risk
C1334,1978.68,1,False,0.0,0.0,0.0,At Risk
C1335,778.44,1,False,371.0,225.0,32222.0,Not At Risk
C1336,658.68,1,False,135.0,68.0,24018.0,Not At Risk
C1337,230.84,1,True,24.0,7.0,8117.0,At Risk
C1338,342.28,1,False,324.0,185.0,25562.0,Not At Risk
C1339,278.6,1,False,199.0,117.0,39221.0,Not At Risk
C1340,88.2,1,False,167.0,105.0,12606.0,Not At Risk
C1341,2218.52,1,False,343.0,184.0,22093.0,Not At Risk
C1342,76.44,1,False,133.0,75.0,30750.0,Not At Risk
C1343,72.52,1,False,6.0,2.0,646.0,At Risk
C1344,262.68,1,False,327.0,180.0,19815.0,Not At Risk
C1345,2098.6,1,False,260.0,129.0,7106.0,Not At Risk
C1346,326.36,1,False,56.0,45.0,2600.0,Not At Risk
C1347,72.52,1,False,260.0,134.0,19501.0,Not At Risk
C1348,618.76,1,False,91.0,48.0,17783.0,Not At Risk
C1349,2458.36,1,False,77.0,45.0,13157.0,Not At Risk
C1350,1978.68,1,False,340.0,198.0,13178.0,Not At Risk
C1351,76.44,1,False,100.0,50.0,25714.0,Not At Risk
C1352,2578.28,1,False,95.0,60.0,9294.0,Not At Risk
C1353,68.6,1,False,0.0,0.0,0.0,At Risk
C1354,99.96,1,False,378.0,185.0,28945.0,Not At Risk
C1355,698.6,1,True,26.0,12.0,549.0,At Risk
C1356,618.76,1,False,91.0,51.0,15046.0,Not At Risk
C1357,262.68,1,False,233.0,134.0,27064.0,Not At Risk
C1358,64.68,1,True,179.0,92.0,15750.0,At Risk
C1359,658.68,1,False,0.0,0.0,0.0,At Risk
C1360,60.76,1,False,31.0,15.0,4024.0,At Risk
C1361,658.68,1,False,57.0,21.0,2829.0,At Risk
C1362,64.68,1,False,272.0,136.0,26479.0,Not At Risk
C1363,310.44,1,False,34.0,16.0,5301.0,At Risk
C1364,1978.68,1,False,159.0,78.0,8615.0,Not At Risk
C1365,778.44,1,False,141.0,81.0,9231.0,Not At Risk
C1366,278.6,1,False,107.0,59.0,7097.0,Not At Risk
C1367,76.44,1,True,30.0,19.0,1044.0,At Risk
C1368,52.92,1,False,59.0,31.0,3218.0,At Risk
C1369,2098.6,1,False,39.0,27.0,1702.0,At Risk
C1370,658.68,1,False,117.0,56.0,20215.0,Not At Risk
C1371,262.68,1,False,213.0,114.0,11450.0,Not At Risk
C1372,294.52,1,False,135.0,68.0,10411.0,Not At Risk
C1373,60.76,1,False,259.0,145.0,17279.0,Not At Risk
C1374,778.44,1,False,182.0,89.0,16074.0,Not At Risk
C1375,68.6,1,False,65.0,32.0,14998.0,At Risk
C1376,310.44,1,False,390.0,244.0,18075.0,Not At Risk
C1377,698.6,1,True,61.0,28.0,5568.0,At Risk
C1378,383.20000000000005,2,True,23.0,7.0,12094.0,At Risk
C1379,60.76,1,False,153.0,91.0,17385.0,Not At Risk
C1380,1618.92,1,True,98.0,56.0,4795.0,At Risk
C1381,2218.52,1,True,122.0,75.0,19174.0,At Risk
C1382,68.6,1,False,57.0,41.0,2293.0,At Risk
C1383,92.12,1,False,15.0,7.0,4430.0,At Risk
C1384,2098.6,1,False,61.0,37.0,10271.0,At Risk
C1385,2218.52,1,True,3.0,1.0,3759.0,At Risk
C1386,72.52,1,False,383.0,202.0,37376.0,Not At Risk
C1387,310.44,1,False,198.0,120.0,8754.0,Not At Risk
C1388,310.44,1,False,205.0,105.0,19246.0,Not At Risk
C1389,738.52,1,False,137.0,66.0,14494.0,Not At Risk
C1390,278.6,1,True,18.0,5.0,2927.0,At Risk
C1391,68.6,1,False,30.0,13.0,17849.0,At Risk
C1392,64.68,1,False,390.0,239.0,20619.0,Not At Risk
C1393,278.6,1,False,335.0,183.0,12121.0,Not At Risk
C1394,278.6,1,False,269.0,143.0,21963.0,Not At Risk
C1395,3177.88,1,False,24.0,15.0,1661.0,At Risk
C1396,326.36,1,True,67.0,31.0,4077.0,At Risk
C1397,938.12,1,False,13.0,8.0,16.0,At Risk
C1398,326.36,1,True,41.0,15.0,9588.0,At Risk
C1399,658.68,1,True,82.0,54.0,6783.0,At Risk
C1400,294.52,1,False,32.0,21.0,5950.0,At Risk
C1401,342.28,1,True,27.0,10.0,3975.0,At Risk
C1402,262.68,1,True,13.0,10.0,849.0,At Risk
C1403,278.6,1,False,81.0,58.0,4055.0,Not At Risk
C1404,778.44,1,False,97.0,62.0,21353.0,Not At Risk
C1405,246.76,1,True,40.0,26.0,5040.0,At Risk
C1406,278.6,1,False,56.0,28.0,6046.0,At Risk
C1407,738.52,1,False,58.0,37.0,5500.0,At Risk
C1408,68.6,1,False,115.0,63.0,18026.0,Not At Risk
C1409,68.6,1,True,77.0,46.0,6868.0,At Risk
C1410,326.36,1,True,62.0,37.0,1973.0,At Risk
C1411,262.68,1,False,0.0,0.0,0.0,At Risk
C1412,2534.8,2,True,38.0,19.0,6903.0,At Risk
C1413,246.76,1,False,113.0,57.0,20979.0,Not At Risk
C1414,326.36,1,True,78.0,43.0,4052.0,At Risk
C1415,778.44,1,False,92.0,51.0,16485.0,Not At Risk
C1416,658.68,1,False,410.0,207.0,34294.0,Not At Risk
C1417,326.36,1,True,15.0,5.0,4770.0,At Risk
C1418,326.36,1,False,96.0,55.0,16747.0,Not At Risk
C1419,294.52,1,False,33.0,22.0,2478.0,At Risk
C1420,278.6,1,False,120.0,59.0,24182.0,Not At Risk
